sample_name, -2.25000,-2.22362,-2.19724,-2.17085,-2.14447,-2.11809,-2.09171,-2.06533,-2.03894,-2.01256,-1.98618,-1.95980,-1.93342,-1.90704,-1.88065,-1.85427,-1.82789,-1.80151,-1.77513,-1.74874,-1.72236,-1.69598,-1.66960,-1.64322,-1.61683,-1.59045,-1.56407,-1.53769,-1.51131,-1.48492,-1.45854,-1.43216,-1.40578,-1.37940,-1.35302,-1.32663,-1.30025,-1.27387,-1.24749,-1.22111,-1.19472,-1.16834,-1.14196,-1.11558,-1.08920,-1.06281,-1.03643,-1.01005,-0.98367,-0.95729,-0.93090,-0.90452,-0.87814,-0.85176,-0.82538,-0.79899,-0.77261,-0.74623,-0.71985,-0.69347,-0.66709,-0.64070,-0.61432,-0.58794,-0.56156,-0.53518,-0.50879,-0.48241,-0.45603,-0.42965,-0.40327,-0.37688,-0.35050,-0.32412,-0.29774,-0.27136,-0.24497,-0.21859,-0.19221,-0.16583,-0.13945,-0.11307,-0.08668,-0.06030,-0.03392,-0.00754,0.01884,0.04523,0.07161,0.09799,0.12437,0.15075,0.17714,0.20352,0.22990,0.25628,0.28266,0.30905,0.33543,0.36181,0.38819,0.41457,0.44095,0.46734,0.49372,0.52010,0.54648,0.57286,0.59925,0.62563,0.65201,0.67839,0.70477,0.73116,0.75754,0.78392,0.81030,0.83668,0.86307,0.88945,0.91583,0.94221,0.96859,0.99497,1.02136,1.04774,1.07412,1.10050,1.12688,1.15327,1.17965,1.20603,1.23241,1.25879,1.28518,1.31156,1.33794,1.36432,1.39070,1.41709,1.44347,1.46985,1.49623,1.52261,1.54899,1.57538,1.60176,1.62814,1.65452,1.68090,1.70729,1.73367,1.76005,1.78643,1.81281,1.83920,1.86558,1.89196,1.91834,1.94472,1.97111,1.99749,2.02387,2.05025,2.07663,2.10302,2.12940,2.15578,2.18216,2.20854,2.23492,2.26131,2.28769,2.31407,2.34045,2.36683,2.39322,2.41960,2.44598,2.47236,2.49874,2.52513,2.55151,2.57789,2.60427,2.63065,2.65704,2.68342,2.70980,2.73618,2.76256,2.78894,2.81533,2.84171,2.86809,2.89447,2.92085,2.94724,2.97362,3.00000
BOMV_B1, 3.09782,3.25158,3.41270,3.58148,3.75826,3.94339,4.13723,4.34013,4.55249,4.77468,5.00711,5.25019,5.50435,5.77001,6.04762,6.33763,6.64050,6.95671,7.28671,7.63101,7.99008,8.36441,8.75450,9.16085,9.58394,10.02427,10.48233,10.95860,11.45356,11.96765,12.50134,13.05506,13.62922,14.22421,14.84039,15.47810,16.13766,16.81932,17.52332,18.24985,18.99905,19.77101,20.56577,21.38331,22.22355,23.08636,23.97152,24.87877,25.80775,26.75806,27.72919,28.72057,29.73158,30.76148,31.80948,32.87471,33.95623,35.05303,36.16402,37.28807,38.42396,39.57044,40.72620,41.88988,43.06009,44.23539,45.41435,46.59548,47.77731,48.95836,50.13714,51.31218,52.48204,53.64529,54.80054,55.94643,57.08166,58.20497,59.31515,60.41108,61.49167,62.55591,63.60286,64.63167,65.64153,66.63174,67.60165,68.55071,69.47842,70.38438,71.26823,72.12971,72.96861,73.78481,74.57822,75.34883,76.09669,76.82188,77.52456,78.20491,78.86317,79.49961,80.11453,80.70828,81.28122,81.83374,82.36626,82.87922,83.37305,83.84823,84.30523,84.74454,85.16663,85.57200,85.96115,86.33456,86.69275,87.03618,87.36536,87.68076,87.98286,88.27213,88.54902,88.81399,89.06748,89.30993,89.54174,89.76334,89.97513,90.17749,90.37080,90.55542,90.73173,90.90005,91.06072,91.21406,91.36039,91.49999,91.63317,91.76019,91.88133,91.99685,92.10699,92.21198,92.31207,92.40746,92.49837,92.58500,92.66755,92.74620,92.82112,92.89250,92.96049,93.02524,93.08691,93.14565,93.20158,93.25483,93.30554,93.35383,93.39979,93.44355,93.48521,93.52487,93.56262,93.59855,93.63275,93.66531,93.69629,93.72577,93.75383,93.78054,93.80595,93.83013,93.85314,93.87504,93.89588,93.91570,93.93457,93.95252,93.96959,93.98584,94.00130,94.01601,94.03000,94.04332,94.05598,94.06803,94.07949,94.09040,94.10077,94.11064,94.12003,94.12896,94.13746,94.14554,94.15323,94.16054,94.16750,94.17411
BOMV_B10, 0.07775,0.08222,0.08694,0.09193,0.09720,0.10278,0.10868,0.11491,0.12151,0.12848,0.13585,0.14364,0.15188,0.16060,0.16981,0.17955,0.18984,0.20073,0.21223,0.22440,0.23726,0.25086,0.26523,0.28042,0.29649,0.31347,0.33142,0.35039,0.37045,0.39165,0.41406,0.43774,0.46277,0.48923,0.51719,0.54675,0.57798,0.61098,0.64586,0.68271,0.72166,0.76280,0.80628,0.85221,0.90073,0.95199,1.00614,1.06334,1.12375,1.18756,1.25494,1.32609,1.40123,1.48055,1.56430,1.65271,1.74602,1.84451,1.94844,2.05811,2.17382,2.29588,2.42463,2.56042,2.70360,2.85456,3.01369,3.18141,3.35814,3.54434,3.74046,3.94701,4.16447,4.39338,4.63427,4.88771,5.15427,5.43455,5.72917,6.03876,6.36397,6.70546,7.06392,7.44005,7.83454,8.24812,8.68151,9.13545,9.61067,10.10791,10.62792,11.17140,11.73910,12.33172,12.94995,13.59446,14.26588,14.96484,15.69190,16.44758,17.23236,18.04666,18.89083,19.76516,20.66985,21.60504,22.57075,23.56692,24.59340,25.64991,26.73606,27.85137,28.99520,30.16682,31.36536,32.58982,33.83908,35.11190,36.40691,37.72263,39.05745,40.40966,41.77747,43.15898,44.55219,45.95508,47.36553,48.78138,50.20045,51.62054,53.03941,54.45488,55.86476,57.26688,58.65916,60.03955,61.40607,62.75684,64.09006,65.40403,66.69717,67.96799,69.21514,70.43738,71.63361,72.80284,73.94422,75.05700,76.14059,77.19449,78.21834,79.21186,80.17491,81.10744,82.00948,82.88117,83.72272,84.53444,85.31666,86.06983,86.79441,87.49094,88.16000,88.80219,89.41816,90.00858,90.57414,91.11555,91.63354,92.12883,92.60217,93.05429,93.48592,93.89781,94.29067,94.66523,95.02218,95.36223,95.68605,95.99431,96.28765,96.56672,96.83211,97.08443,97.32426,97.55214,97.76864,97.97425,98.16950,98.35485,98.53078,98.69773,98.85613,99.00640,99.14892,99.28407,99.41223,99.53373,99.64890,99.75805
BOMV_B11, 0.01521,0.01618,0.01722,0.01833,0.01950,0.02075,0.02209,0.02350,0.02501,0.02662,0.02832,0.03014,0.03207,0.03413,0.03632,0.03865,0.04113,0.04377,0.04658,0.04956,0.05274,0.05613,0.05972,0.06355,0.06763,0.07197,0.07658,0.08149,0.08672,0.09228,0.09819,0.10449,0.11119,0.11831,0.12590,0.13396,0.14255,0.15168,0.16140,0.17174,0.18274,0.19444,0.20690,0.22014,0.23424,0.24923,0.26518,0.28215,0.30020,0.31941,0.33983,0.36156,0.38467,0.40926,0.43540,0.46321,0.49279,0.52425,0.55770,0.59327,0.63110,0.67132,0.71409,0.75956,0.80791,0.85930,0.91393,0.97200,1.03372,1.09932,1.16903,1.24310,1.32180,1.40542,1.49424,1.58858,1.68877,1.79517,1.90813,2.02806,2.15535,2.29045,2.43380,2.58587,2.74718,2.91825,3.09962,3.29187,3.49561,3.71147,3.94010,4.18219,4.43846,4.70965,4.99653,5.29989,5.62055,5.95938,6.31724,6.69503,7.09368,7.51411,7.95729,8.42418,8.91576,9.43302,9.97693,10.54849,11.14866,11.77839,12.43861,13.13023,13.85410,14.61103,15.40178,16.22702,17.08736,17.98333,18.91533,19.88368,20.88856,21.93003,23.00798,24.12219,25.27225,26.45758,27.67744,28.93089,30.21683,31.53394,32.88074,34.25555,35.65652,37.08161,38.52863,39.99523,41.47892,42.97709,44.48700,46.00586,47.53077,49.05882,50.58705,52.11251,53.63227,55.14344,56.64321,58.12883,59.59768,61.04725,62.47518,63.87924,65.25739,66.60775,67.92861,69.21847,70.47601,71.70007,72.88972,74.04417,75.16283,76.24529,77.29127,78.30067,79.27353,80.21001,81.11041,81.97513,82.80468,83.59965,84.36072,85.08864,85.78420,86.44825,87.08170,87.68548,88.26052,88.80780,89.32830,89.82300,90.29289,90.73894,91.16213,91.56342,91.94374,92.30401,92.64515,92.96801,93.27347,93.56233,93.83542,94.09349,94.33730,94.56756,94.78496,94.99016,95.18380,95.36648,95.53879,95.70128
BOMV_B12, 0.02089,0.02205,0.02327,0.02455,0.02591,0.02734,0.02886,0.03045,0.03214,0.03391,0.03579,0.03777,0.03986,0.04206,0.04439,0.04684,0.04943,0.05216,0.05505,0.05809,0.06130,0.06469,0.06827,0.07204,0.07603,0.08023,0.08466,0.08934,0.09428,0.09949,0.10499,0.11079,0.11691,0.12337,0.13019,0.13738,0.14497,0.15298,0.16143,0.17035,0.17975,0.18968,0.20015,0.21120,0.22286,0.23516,0.24814,0.26184,0.27628,0.29153,0.30761,0.32457,0.34247,0.36135,0.38126,0.40228,0.42444,0.44782,0.47248,0.49850,0.52594,0.55488,0.58541,0.61760,0.65156,0.68737,0.72513,0.76496,0.80695,0.85123,0.89793,0.94715,0.99906,1.05378,1.11146,1.17226,1.23636,1.30391,1.37511,1.45014,1.52920,1.61251,1.70029,1.79276,1.89016,1.99276,2.10082,2.21461,2.33442,2.46057,2.59336,2.73313,2.88022,3.03500,3.19783,3.36912,3.54926,3.73869,3.93783,4.14716,4.36714,4.59826,4.84103,5.09597,5.36363,5.64457,5.93935,6.24856,6.57282,6.91275,7.26897,7.64213,8.03289,8.44192,8.86989,9.31750,9.78542,10.27434,10.78496,11.31795,11.87402,12.45381,13.05799,13.68720,14.34206,15.02315,15.73106,16.46629,17.22933,18.02063,18.84057,19.68948,20.56764,21.47522,22.41237,23.37913,24.37544,25.40119,26.45613,27.53994,28.65219,29.79233,30.95972,32.15359,33.37306,34.61714,35.88473,37.17461,38.48546,39.81586,41.16426,42.52905,43.90851,45.30085,46.70422,48.11668,49.53626,50.96094,52.38867,53.81740,55.24505,56.66955,58.08888,59.50099,60.90394,62.29578,63.67467,65.03880,66.38649,67.71609,69.02610,70.31508,71.58171,72.82478,74.04320,75.23598,76.40225,77.54124,78.65231,79.73492,80.78865,81.81317,82.80825,83.77377,84.70968,85.61604,86.49297,87.34066,88.15940,88.94951,89.71139,90.44547,91.15224,91.83223,92.48601,93.11416,93.71731,94.29610,94.85118,95.38323
BOMV_B14, 0.53823,0.56293,0.58876,0.61577,0.64401,0.67353,0.70440,0.73667,0.77041,0.80569,0.84256,0.88110,0.92140,0.96351,1.00753,1.05354,1.10163,1.15189,1.20441,1.25929,1.31664,1.37657,1.43918,1.50460,1.57294,1.64433,1.71891,1.79680,1.87815,1.96311,2.05184,2.14448,2.24121,2.34219,2.44761,2.55765,2.67249,2.79234,2.91740,3.04788,3.18400,3.32599,3.47408,3.62850,3.78952,3.95738,4.13234,4.31469,4.50470,4.70265,4.90885,5.12358,5.34718,5.57994,5.82219,6.07427,6.33651,6.60926,6.89286,7.18768,7.49406,7.81238,8.14299,8.48628,8.84262,9.21237,9.59592,9.99363,10.40589,10.83305,11.27548,11.73355,12.20759,12.69797,13.20500,13.72901,14.27031,14.82918,15.40591,16.00074,16.61390,17.24561,17.89604,18.56534,19.25365,19.96105,20.68759,21.43329,22.19814,22.98206,23.78496,24.60667,25.44702,26.30575,27.18257,28.07714,28.98906,29.91789,30.86313,31.82423,32.80059,33.79156,34.79644,35.81449,36.84489,37.88682,38.93939,40.00167,41.07271,42.15151,43.23705,44.32826,45.42409,46.52343,47.62519,48.72823,49.83145,50.93371,52.03390,53.13091,54.22365,55.31102,56.39197,57.46547,58.53052,59.58614,60.63139,61.66539,62.68727,63.69623,64.69150,65.67237,66.63817,67.58828,68.52215,69.43925,70.33913,71.22138,72.08563,72.93159,73.75898,74.56761,75.35731,76.12795,76.87947,77.61183,78.32504,79.01913,79.69420,80.35034,80.98772,81.60649,82.20686,82.78906,83.35332,83.89993,84.42915,84.94131,85.43670,85.91567,86.37855,86.82569,87.25745,87.67419,88.07628,88.46409,88.83799,89.19836,89.54557,89.88000,90.20201,90.51198,90.81026,91.09723,91.37324,91.63863,91.89376,92.13896,92.37457,92.60092,92.81831,93.02706,93.22749,93.41988,93.60452,93.78170,93.95169,94.11475,94.27115,94.42114,94.56495,94.70283,94.83500,94.96168,95.08309,95.19943,95.31091,95.41771,95.52002,95.61802
BOMV_B15, 0.44669,0.46946,0.49339,0.51853,0.54495,0.57271,0.60187,0.63251,0.66470,0.69851,0.73403,0.77135,0.81055,0.85172,0.89497,0.94039,0.98809,1.03820,1.09081,1.14606,1.20408,1.26500,1.32896,1.39611,1.46661,1.54061,1.61828,1.69981,1.78538,1.87517,1.96939,2.06825,2.17197,2.28077,2.39490,2.51459,2.64011,2.77173,2.90972,3.05437,3.20599,3.36488,3.53137,3.70580,3.88850,4.07985,4.28022,4.48998,4.70954,4.93930,5.17969,5.43114,5.69409,5.96900,6.25634,6.55659,6.87024,7.19779,7.53974,7.89661,8.26893,8.65722,9.06203,9.48388,9.92333,10.38090,10.85714,11.35258,11.86775,12.40318,12.95937,13.53683,14.13602,14.75742,15.40146,16.06856,16.75909,17.47341,18.21183,18.97463,19.76203,20.57421,21.41130,22.27337,23.16044,24.07245,25.00928,25.97074,26.95658,27.96645,28.99994,30.05656,31.13572,32.23677,33.35897,34.50149,35.66342,36.84379,38.04153,39.25549,40.48446,41.72718,42.98228,44.24837,45.52401,46.80768,48.09785,49.39295,50.69138,51.99153,53.29179,54.59054,55.88615,57.17703,58.46162,59.73836,61.00575,62.26233,63.50669,64.73749,65.95343,67.15330,68.33593,69.50027,70.64532,71.77015,72.87394,73.95592,75.01544,76.05191,77.06481,78.05373,79.01831,79.95829,80.87346,81.76371,82.62896,83.46923,84.28457,85.07512,85.84103,86.58255,87.29992,87.99346,88.66352,89.31047,89.93473,90.53672,91.11692,91.67579,92.21383,92.73155,93.22948,93.70813,94.16805,94.60977,95.03383,95.44078,95.83114,96.20547,96.56428,96.90810,97.23745,97.55284,97.85477,98.14373,98.42019,98.68464,98.93753,99.17930,99.41039,99.63122,99.84221,100.04375,100.23623,100.42002,100.59548,100.76296,100.92280,101.07532,101.22084,101.35967,101.49208,101.61836,101.73878,101.85360,101.96307,102.06742,102.16689,102.26169,102.35203,102.43812,102.52016,102.59831,102.67277,102.74371,102.81127,102.87563,102.93693,102.99531
BOMV_B16, 0.52565,0.54993,0.57532,0.60188,0.62965,0.65870,0.68908,0.72085,0.75407,0.78882,0.82515,0.86314,0.90287,0.94440,0.98784,1.03324,1.08072,1.13035,1.18223,1.23647,1.29317,1.35243,1.41437,1.47910,1.54676,1.61746,1.69134,1.76853,1.84919,1.93346,2.02149,2.11344,2.20949,2.30981,2.41457,2.52397,2.63820,2.75746,2.88196,3.01191,3.14754,3.28909,3.43678,3.59087,3.75161,3.91927,4.09412,4.27645,4.46653,4.66466,4.87116,5.08634,5.31052,5.54403,5.78722,6.04042,6.30399,6.57830,6.86372,7.16061,7.46938,7.79039,8.12405,8.47076,8.83091,9.20491,9.59317,9.99609,10.41409,10.84758,11.29694,11.76260,12.24494,12.74435,13.26122,13.79591,14.34878,14.92019,15.51045,16.11988,16.74876,17.39738,18.06597,18.75474,19.46389,20.19357,20.94390,21.71496,22.50680,23.31942,24.15279,25.00681,25.88134,26.77621,27.69119,28.62597,29.58022,30.55354,31.54548,32.55552,33.58310,34.62759,35.68831,36.76453,37.85545,38.96024,40.07800,41.20780,42.34864,43.49949,44.65930,45.82695,47.00132,48.18124,49.36554,50.55300,51.74242,52.93258,54.12224,55.31019,56.49521,57.67610,58.85167,60.02076,61.18222,62.33494,63.47786,64.60994,65.73017,66.83762,67.93138,69.01060,70.07447,71.12225,72.15325,73.16684,74.16242,75.13950,76.09758,77.03628,77.95522,78.85412,79.73273,80.59085,81.42834,82.24510,83.04109,83.81629,84.57075,85.30454,86.01777,86.71059,87.38319,88.03577,88.66857,89.28185,89.87591,90.45105,91.00759,91.54588,92.06627,92.56913,93.05484,93.52379,93.97637,94.41299,94.83405,95.23995,95.63110,96.00791,96.37079,96.72014,97.05637,97.37987,97.69105,97.99028,98.27795,98.55445,98.82013,99.07537,99.32053,99.55594,99.78195,99.99890,100.20710,100.40688,100.59855,100.78239,100.95871,101.12778,101.28988,101.44528,101.59423,101.73698,101.87377,102.00484,102.13040,102.25069,102.36591,102.47625
BOMV_B18, 2.37598,2.47519,2.57843,2.68585,2.79763,2.91391,3.03487,3.16069,3.29155,3.42763,3.56913,3.71624,3.86917,4.02813,4.19332,4.36499,4.54334,4.72861,4.92105,5.12090,5.32840,5.54381,5.76739,5.99941,6.24014,6.48986,6.74884,7.01737,7.29574,7.58424,7.88317,8.19283,8.51351,8.84553,9.18917,9.54475,9.91258,10.29294,10.68615,11.09251,11.51229,11.94581,12.39334,12.85516,13.33153,13.82273,14.32900,14.85057,15.38768,15.94054,16.50933,17.09424,17.69543,18.31303,18.94716,19.59792,20.26537,20.94955,21.65047,22.36812,23.10246,23.85339,24.62081,25.40457,26.20449,27.02035,27.85189,28.69880,29.56077,30.43742,31.32832,32.23305,33.15109,34.08193,35.02500,35.97969,36.94538,37.92138,38.90699,39.90148,40.90407,41.91399,42.93040,43.95248,44.97936,46.01018,47.04403,48.08002,49.11726,50.15481,51.19178,52.22726,53.26033,54.29010,55.31570,56.33624,57.35088,58.35878,59.35913,60.35115,61.33409,62.30720,63.26980,64.22123,65.16086,66.08809,67.00237,67.90318,68.79004,69.66252,70.52022,71.36276,72.18983,73.00115,73.79646,74.57556,75.33827,76.08445,76.81402,77.52688,78.22300,78.90239,79.56505,80.21103,80.84042,81.45330,82.04981,82.63009,83.19430,83.74262,84.27526,84.79242,85.29435,85.78127,86.25345,86.71115,87.15463,87.58419,88.00009,88.40265,88.79215,89.16889,89.53318,89.88531,90.22559,90.55432,90.87182,91.17837,91.47428,91.75985,92.03538,92.30114,92.55744,92.80455,93.04276,93.27234,93.49355,93.70667,93.91195,94.10964,94.30001,94.48327,94.65969,94.82947,94.99286,95.15007,95.30131,95.44679,95.58672,95.72128,95.85068,95.97509,96.09469,96.20967,96.32018,96.42639,96.52846,96.62654,96.72078,96.81132,96.89831,96.98186,97.06213,97.13922,97.21326,97.28437,97.35265,97.41822,97.48118,97.54163,97.59967,97.65539,97.70888,97.76023,97.80952,97.85684,97.90225,97.94584,97.98768,98.02783
BOMV_B2, 0.05923,0.06247,0.06589,0.06950,0.07331,0.07732,0.08156,0.08602,0.09074,0.09571,0.10095,0.10647,0.11230,0.11845,0.12494,0.13178,0.13899,0.14660,0.15462,0.16308,0.17201,0.18142,0.19135,0.20181,0.21285,0.22450,0.23677,0.24972,0.26337,0.27777,0.29295,0.30896,0.32585,0.34365,0.36242,0.38221,0.40308,0.42509,0.44829,0.47275,0.49854,0.52573,0.55439,0.58461,0.61646,0.65004,0.68544,0.72275,0.76208,0.80353,0.84721,0.89326,0.94178,0.99291,1.04679,1.10356,1.16337,1.22639,1.29278,1.36272,1.43639,1.51398,1.59570,1.68175,1.77237,1.86778,1.96823,2.07398,2.18528,2.30242,2.42569,2.55540,2.69186,2.83540,2.98637,3.14514,3.31207,3.48755,3.67199,3.86581,4.06945,4.28336,4.50801,4.74389,4.99149,5.25133,5.52395,5.80989,6.10972,6.42401,6.75336,7.09837,7.45966,7.83786,8.23361,8.64755,9.08034,9.53263,10.00508,10.49837,11.01313,11.55003,12.10972,12.69281,13.29994,13.93171,14.58867,15.27139,15.98038,16.71611,17.47902,18.26949,19.08787,19.93443,20.80937,21.71285,22.64494,23.60562,24.59480,25.61229,26.65783,27.73103,28.83142,29.95841,31.11134,32.28939,33.49168,34.71720,35.96482,37.23333,38.52142,39.82765,41.15053,42.48845,43.83973,45.20263,46.57533,47.95597,49.34263,50.73337,52.12622,53.51920,54.91032,56.29763,57.67916,59.05300,60.41729,61.77019,63.10994,64.43488,65.74337,67.03390,68.30505,69.55547,70.78393,71.98931,73.17059,74.32684,75.45726,76.56116,77.63793,78.68710,79.70827,80.70116,81.66557,82.60139,83.50860,84.38726,85.23751,86.05955,86.85365,87.62014,88.35939,89.07184,89.75796,90.41825,91.05327,91.66358,92.24978,92.81249,93.35232,93.86994,94.36599,94.84112,95.29601,95.73130,96.14767,96.54575,96.92620,97.28967,97.63677,97.96813,98.28435,98.58604,98.87376,99.14808,99.40956,99.65873,99.89610,100.12219
BOMV_B20, 0.01575,0.01683,0.01799,0.01923,0.02056,0.02198,0.02350,0.02512,0.02685,0.02870,0.03068,0.03280,0.03506,0.03748,0.04006,0.04283,0.04578,0.04894,0.05231,0.05592,0.05977,0.06389,0.06830,0.07301,0.07804,0.08342,0.08916,0.09531,0.10188,0.10889,0.11639,0.12441,0.13298,0.14214,0.15192,0.16238,0.17355,0.18550,0.19826,0.21189,0.22646,0.24203,0.25867,0.27644,0.29543,0.31572,0.33739,0.36054,0.38527,0.41169,0.43990,0.47004,0.50222,0.53659,0.57328,0.61247,0.65430,0.69896,0.74663,0.79751,0.85181,0.90975,0.97158,1.03753,1.10789,1.18293,1.26294,1.34825,1.43919,1.53612,1.63940,1.74943,1.86662,1.99141,2.12426,2.26564,2.41606,2.57606,2.74617,2.92698,3.11908,3.32310,3.53969,3.76951,4.01326,4.27165,4.54541,4.83528,5.14203,5.46644,5.80928,6.17135,6.55343,6.95631,7.38075,7.82752,8.29735,8.79095,9.30897,9.85205,10.42073,11.01553,11.63687,12.28508,12.96042,13.66301,14.39289,15.14996,15.93398,16.74459,17.58126,18.44332,19.32993,20.24011,21.17270,22.12639,23.09971,24.09103,25.09861,26.12055,27.15483,28.19934,29.25188,30.31018,31.37190,32.43470,33.49620,34.55407,35.60597,36.64965,37.68289,38.70360,39.70978,40.69954,41.67114,42.62297,43.55358,44.46166,45.34608,46.20586,47.04019,47.84840,48.62999,49.38460,50.11200,50.81211,51.48497,52.13073,52.74964,53.34205,53.90839,54.44917,54.96494,55.45635,55.92406,56.36877,56.79122,57.19217,57.57240,57.93269,58.27383,58.59660,58.90179,59.19016,59.46249,59.71952,59.96198,60.19057,60.40599,60.60890,60.79995,60.97976,61.14893,61.30803,61.45761,61.59820,61.73029,61.85437,61.97090,62.08030,62.18298,62.27935,62.36977,62.45458,62.53413,62.60873,62.67868,62.74425,62.80571,62.86331,62.91730,62.96788,63.01526,63.05966,63.10124,63.14019,63.17667,63.21083,63.24282,63.27278
BOMV_B21, 0.07454,0.07882,0.08336,0.08815,0.09322,0.09858,0.10424,0.11024,0.11657,0.12328,0.13036,0.13785,0.14578,0.15415,0.16301,0.17238,0.18228,0.19275,0.20382,0.21552,0.22790,0.24098,0.25482,0.26944,0.28490,0.30125,0.31853,0.33680,0.35612,0.37653,0.39811,0.42093,0.44504,0.47053,0.49748,0.52595,0.55605,0.58786,0.62148,0.65700,0.69455,0.73422,0.77614,0.82043,0.86723,0.91667,0.96890,1.02407,1.08235,1.14391,1.20893,1.27759,1.35009,1.42665,1.50748,1.59281,1.68289,1.77797,1.87832,1.98420,2.09593,2.21380,2.33813,2.46927,2.60755,2.75336,2.90706,3.06907,3.23979,3.41965,3.60912,3.80866,4.01876,4.23991,4.47265,4.71751,4.97505,5.24585,5.53049,5.82960,6.14380,6.47372,6.82002,7.18337,7.56445,7.96395,8.38256,8.82098,9.27992,9.76008,10.26218,10.78689,11.33491,11.90691,12.50355,13.12544,13.77321,14.44742,15.14859,15.87722,16.63374,17.41853,18.23191,19.07413,19.94535,20.84567,21.77509,22.73352,23.72076,24.73653,25.78041,26.85189,27.95034,29.07500,30.22499,31.39933,32.59689,33.81646,35.05667,36.31606,37.59308,38.88605,40.19321,41.51273,42.84268,44.18108,45.52590,46.87507,48.22649,49.57805,50.92763,52.27314,53.61249,54.94365,56.26463,57.57351,58.86842,60.14761,61.40939,62.65218,63.87450,65.07500,66.25243,67.40565,68.53365,69.63555,70.71057,71.75808,72.77753,73.76850,74.73069,75.66389,76.56799,77.44300,78.28898,79.10609,79.89458,80.65476,81.38699,82.09171,82.76939,83.42057,84.04579,84.64568,85.22085,85.77195,86.29965,86.80465,87.28762,87.74929,88.19034,88.61148,89.01342,89.39686,89.76247,90.11096,90.44297,90.75917,91.06021,91.34670,91.61927,91.87850,92.12497,92.35926,92.58189,92.79339,92.99427,93.18503,93.36612,93.53800,93.70112,93.85588,94.00269,94.14193,94.27397,94.39917,94.51786,94.63037,94.73700,94.83805
BOMV_B22, 0.08861,0.09348,0.09862,0.10403,0.10975,0.11578,0.12214,0.12885,0.13592,0.14339,0.15126,0.15956,0.16832,0.17757,0.18731,0.19759,0.20844,0.21987,0.23194,0.24466,0.25808,0.27224,0.28716,0.30291,0.31951,0.33703,0.35549,0.37497,0.39551,0.41717,0.44001,0.46409,0.48949,0.51627,0.54450,0.57427,0.60566,0.63876,0.67364,0.71043,0.74920,0.79007,0.83315,0.87857,0.92643,0.97687,1.03004,1.08606,1.14509,1.20730,1.27283,1.34188,1.41462,1.49124,1.57194,1.65694,1.74645,1.84070,1.93994,2.04441,2.15439,2.27014,2.39195,2.52014,2.65500,2.79686,2.94608,3.10300,3.26799,3.44143,3.62373,3.81530,4.01657,4.22798,4.45000,4.68309,4.92776,5.18450,5.45384,5.73630,6.03245,6.34285,6.66806,7.00868,7.36530,7.73853,8.12899,8.53730,8.96408,9.40997,9.87558,10.36156,10.86851,11.39707,11.94782,12.52136,13.11825,13.73906,14.38429,15.05444,15.74997,16.47128,17.21876,17.99271,18.79341,19.62105,20.47578,21.35766,22.26667,23.20274,24.16568,25.15523,26.17103,27.21262,28.27946,29.37089,30.48615,31.62438,32.78462,33.96580,35.16675,36.38622,37.62285,38.87520,40.14174,41.42087,42.71092,44.01016,45.31681,46.62904,47.94501,49.26283,50.58062,51.89649,53.20858,54.51502,55.81399,57.10371,58.38246,59.64856,60.90043,62.13652,63.35542,64.55575,65.73628,66.89582,68.03332,69.14782,70.23847,71.30450,72.34528,73.36024,74.34893,75.31101,76.24620,77.15434,78.03534,78.88919,79.71596,80.51579,81.28889,82.03551,82.75599,83.45069,84.12003,84.76447,85.38449,85.98063,86.55342,87.10345,87.63129,88.13756,88.62287,89.08784,89.53310,89.95927,90.36699,90.75689,91.12957,91.48567,91.82578,92.15051,92.46043,92.75613,93.03817,93.30709,93.56343,93.80772,94.04045,94.26211,94.47319,94.67414,94.86540,95.04741,95.22058,95.38530,95.54196,95.69094,95.83257,95.96721
BOMV_B23, 0.05943,0.06313,0.06705,0.07121,0.07564,0.08033,0.08532,0.09062,0.09625,0.10222,0.10857,0.11531,0.12247,0.13008,0.13815,0.14672,0.15583,0.16550,0.17577,0.18668,0.19826,0.21056,0.22362,0.23748,0.25221,0.26784,0.28445,0.30208,0.32079,0.34067,0.36177,0.38417,0.40796,0.43321,0.46002,0.48848,0.51869,0.55076,0.58480,0.62093,0.65928,0.69999,0.74319,0.78903,0.83768,0.88930,0.94408,1.00220,1.06385,1.12926,1.19865,1.27224,1.35030,1.43307,1.52085,1.61391,1.71258,1.81718,1.92804,2.04553,2.17002,2.30193,2.44166,2.58965,2.74638,2.91231,3.08797,3.27388,3.47061,3.67872,3.89882,4.13156,4.37758,4.63758,4.91225,5.20235,5.50863,5.83188,6.17291,6.53256,6.91169,7.31117,7.73192,8.17483,8.64085,9.13090,9.64595,10.18694,10.75482,11.35054,11.97503,12.62921,13.31398,14.03019,14.77866,15.56018,16.37547,17.22519,18.10991,19.03013,19.98627,20.97863,22.00740,23.07265,24.17430,25.31216,26.48588,27.69492,28.93863,30.21616,31.52648,32.86841,34.24057,35.64143,37.06926,38.52220,39.99819,41.49505,43.01044,44.54191,46.08690,47.64274,49.20668,50.77594,52.34768,53.91903,55.48716,57.04923,58.60246,60.14413,61.67160,63.18232,64.67388,66.14398,67.59047,69.01134,70.40477,71.76908,73.10277,74.40453,75.67320,76.90782,78.10758,79.27185,80.40016,81.49220,82.54780,83.56692,84.54968,85.49629,86.40708,87.28249,88.12304,88.92933,89.70204,90.44190,91.14971,91.82630,92.47254,93.08933,93.67760,94.23827,94.77231,95.28065,95.76426,96.22407,96.66103,97.07606,97.47008,97.84397,98.19861,98.53486,98.85354,99.15546,99.44141,99.71213,99.96836,100.21080,100.44014,100.65701,100.86205,101.05585,101.23900,101.41204,101.57549,101.72986,101.87563,102.01324,102.14315,102.26575,102.38145,102.49062,102.59362,102.69077,102.78241,102.86883,102.95034,103.02719,103.09964,103.16795
BOMV_B24, 0.49722,0.51932,0.54240,0.56650,0.59166,0.61793,0.64535,0.67399,0.70388,0.73509,0.76767,0.80168,0.83718,0.87424,0.91292,0.95329,0.99543,1.03941,1.08530,1.13320,1.18317,1.23532,1.28973,1.34650,1.40573,1.46752,1.53197,1.59920,1.66932,1.74245,1.81872,1.89825,1.98117,2.06763,2.15776,2.25171,2.34964,2.45171,2.55806,2.66889,2.78435,2.90464,3.02992,3.16041,3.29629,3.43777,3.58505,3.73836,3.89791,4.06392,4.23664,4.41631,4.60316,4.79744,4.99942,5.20935,5.42750,5.65413,5.88954,6.13399,6.38777,6.65116,6.92447,7.20797,7.50197,7.80676,8.12264,8.44991,8.78886,9.13980,9.50300,9.87876,10.26736,10.66909,11.08422,11.51300,11.95569,12.41255,12.88379,13.36964,13.87030,14.38595,14.91677,15.46291,16.02448,16.60160,17.19434,17.80275,18.42687,19.06668,19.72215,20.39321,21.07976,21.78166,22.49874,23.23078,23.97755,24.73874,25.51404,26.30308,27.10544,27.92070,28.74834,29.58787,30.43870,31.30024,32.17186,33.05288,33.94260,34.84028,35.74517,36.65647,37.57338,38.49505,39.42064,40.34928,41.28010,42.21221,43.14471,44.07672,45.00735,45.93570,46.86092,47.78212,48.69846,49.60911,50.51326,51.41013,52.29895,53.17899,54.04955,54.90997,55.75962,56.59789,57.42423,58.23812,59.03907,59.82665,60.60045,61.36011,62.10530,62.83575,63.55121,64.25146,64.93635,65.60574,66.25953,66.89765,67.52008,68.12681,68.71786,69.29331,69.85321,70.39769,70.92688,71.44091,71.93997,72.42424,72.89392,73.34924,73.79043,74.21773,74.63140,75.03171,75.41892,75.79331,76.15518,76.50481,76.84249,77.16852,77.48320,77.78682,78.07967,78.36207,78.63429,78.89664,79.14940,79.39286,79.62731,79.85302,80.07028,80.27934,80.48048,80.67395,80.86001,81.03892,81.21091,81.37622,81.53508,81.68773,81.83438,81.97525,82.11054,82.24045,82.36520,82.48495,82.59991,82.71024,82.81613,82.91774
BOMV_B26, 0.84968,0.88785,0.92772,0.96936,1.01285,1.05826,1.10569,1.15522,1.20694,1.26094,1.31733,1.37620,1.43765,1.50181,1.56879,1.63869,1.71166,1.78781,1.86728,1.95021,2.03674,2.12702,2.22121,2.31947,2.42195,2.52884,2.64031,2.75655,2.87774,3.00409,3.13579,3.27306,3.41612,3.56518,3.72048,3.88226,4.05075,4.22622,4.40891,4.59911,4.79706,5.00306,5.21740,5.44035,5.67223,5.91333,6.16397,6.42446,6.69512,6.97628,7.26826,7.57141,7.88605,8.21253,8.55120,8.90238,9.26642,9.64367,10.03447,10.43915,10.85805,11.29149,11.73980,12.20329,12.68228,13.17704,13.68787,14.21503,14.75877,15.31934,15.89694,16.49177,17.10401,17.73379,18.38123,19.04644,19.72946,20.43032,21.14902,21.88551,22.63971,23.41150,24.20071,25.00714,25.83054,26.67061,27.52702,28.39938,29.28726,30.19018,31.10762,32.03900,32.98371,33.94108,34.91043,35.89099,36.88199,37.88260,38.89197,39.90921,40.93339,41.96357,42.99879,44.03806,45.08037,46.12470,47.17004,48.21536,49.25962,50.30181,51.34092,52.37593,53.40586,54.42974,55.44664,56.45563,57.45582,58.44635,59.42642,60.39523,61.35204,62.29616,63.22691,64.14369,65.04593,65.93311,66.80475,67.66042,68.49974,69.32236,70.12801,70.91642,71.68741,72.44080,73.17648,73.89436,74.59441,75.27661,75.94100,76.58764,77.21661,77.82804,78.42208,78.99890,79.55869,80.10167,80.62808,81.13816,81.63220,82.11046,82.57325,83.02088,83.45365,83.87188,84.27592,84.66609,85.04273,85.40618,85.75678,86.09487,86.42080,86.73491,87.03754,87.32902,87.60969,87.87988,88.13991,88.39010,88.63078,88.86224,89.08479,89.29874,89.50436,89.70196,89.89180,90.07416,90.24930,90.41748,90.57896,90.73397,90.88275,91.02553,91.16255,91.29400,91.42011,91.54107,91.65708,91.76834,91.87502,91.97731,92.07537,92.16938,92.25949,92.34585,92.42862,92.50793,92.58394,92.65676,92.72653,92.79337
BOMV_B27, 0.08605,0.09068,0.09555,0.10069,0.10610,0.11181,0.11782,0.12415,0.13082,0.13785,0.14526,0.15307,0.16129,0.16996,0.17909,0.18871,0.19885,0.20953,0.22078,0.23263,0.24512,0.25828,0.27214,0.28675,0.30213,0.31834,0.33542,0.35341,0.37236,0.39232,0.41334,0.43549,0.45882,0.48340,0.50928,0.53654,0.56525,0.59550,0.62734,0.66088,0.69620,0.73340,0.77256,0.81380,0.85722,0.90294,0.95107,1.00174,1.05509,1.11124,1.17034,1.23255,1.29802,1.36692,1.43943,1.51572,1.59599,1.68043,1.76927,1.86271,1.96099,2.06434,2.17302,2.28728,2.40741,2.53368,2.66639,2.80585,2.95239,3.10633,3.26803,3.43784,3.61615,3.80334,3.99982,4.20600,4.42231,4.64921,4.88715,5.13662,5.39809,5.67207,5.95907,6.25964,6.57429,6.90360,7.24811,7.60841,7.98506,8.37867,8.78981,9.21910,9.66711,10.13446,10.62173,11.12952,11.65840,12.20894,12.78171,13.37723,13.99603,14.63859,15.30538,15.99682,16.71330,17.45518,18.22275,19.01626,19.83589,20.68179,21.55402,22.45257,23.37735,24.32822,25.30492,26.30714,27.33444,28.38632,29.46218,30.56132,31.68294,32.82615,33.98998,35.17333,36.37504,37.59385,38.82842,40.07734,41.33910,42.61215,43.89487,45.18559,46.48260,47.78414,49.08846,50.39375,51.69823,53.00012,54.29763,55.58902,56.87257,58.14660,59.40950,60.65969,61.89568,63.11605,64.31943,65.50457,66.67029,67.81549,68.93920,70.04050,71.11859,72.17277,73.20242,74.20702,75.18615,76.13947,77.06673,77.96777,78.84249,79.69087,80.51299,81.30896,82.07897,82.82327,83.54214,84.23594,84.90504,85.54987,86.17089,86.76860,87.34349,87.89611,88.42702,88.93678,89.42596,89.89517,90.34499,90.77602,91.18885,91.58409,91.96232,92.32414,92.67012,93.00084,93.31686,93.61873,93.90700,94.18219,94.44482,94.69540,94.93441,95.16233,95.37963,95.58675,95.78413,95.97218,96.15131,96.32191
BOMV_B28, 0.15738,0.16593,0.17495,0.18446,0.19448,0.20505,0.21619,0.22793,0.24031,0.25336,0.26712,0.28162,0.29690,0.31301,0.32999,0.34789,0.36676,0.38665,0.40760,0.42969,0.45297,0.47751,0.50336,0.53061,0.55932,0.58957,0.62145,0.65504,0.69043,0.72772,0.76700,0.80839,0.85198,0.89791,0.94627,0.99722,1.05087,1.10738,1.16688,1.22953,1.29550,1.36495,1.43806,1.51501,1.59601,1.68126,1.77096,1.86534,1.96464,2.06910,2.17897,2.29452,2.41602,2.54376,2.67804,2.81917,2.96748,3.12331,3.28699,3.45891,3.63942,3.82893,4.02783,4.23653,4.45547,4.68509,4.92584,5.17818,5.44260,5.71957,6.00961,6.31321,6.63090,6.96321,7.31065,7.67378,8.05313,8.44924,8.86265,9.29390,9.74354,10.21207,10.70003,11.20791,11.73620,12.28537,12.85587,13.44810,14.06246,14.69930,15.35893,16.04162,16.74758,17.47699,18.22995,19.00652,19.80668,20.63035,21.47736,22.34748,23.24040,24.15573,25.09298,26.05158,27.03088,28.03013,29.04851,30.08510,31.13890,32.20881,33.29368,34.39227,35.50326,36.62528,37.75689,38.89661,40.04291,41.19423,42.34895,43.50549,44.66220,45.81746,46.96967,48.11721,49.25852,50.39205,51.51631,52.62986,53.73129,54.81930,55.89262,56.95007,57.99054,59.01302,60.01658,61.00035,61.96357,62.90558,63.82579,64.72370,65.59888,66.45102,67.27985,68.08520,68.86698,69.62515,70.35975,71.07088,71.75868,72.42338,73.06522,73.68452,74.28160,74.85686,75.41070,75.94356,76.45591,76.94822,77.42100,77.87475,78.31002,78.72732,79.12720,79.51020,79.87686,80.22772,80.56332,80.88419,81.19086,81.48385,81.76366,82.03081,82.28577,82.52904,82.76107,82.98233,83.19326,83.39429,83.58583,83.76830,83.94208,84.10755,84.26508,84.41502,84.55771,84.69347,84.82263,84.94548,85.06232,85.17342,85.27904,85.37946,85.47491,85.56563,85.65184,85.73375,85.81158,85.88553,85.95577,86.02249
BOMV_B29, 0.14561,0.15327,0.16133,0.16982,0.17876,0.18816,0.19806,0.20848,0.21945,0.23099,0.24313,0.25592,0.26937,0.28353,0.29843,0.31411,0.33062,0.34799,0.36626,0.38550,0.40574,0.42704,0.44945,0.47303,0.49785,0.52396,0.55143,0.58033,0.61075,0.64274,0.67640,0.71181,0.74907,0.78825,0.82948,0.87284,0.91844,0.96641,1.01686,1.06992,1.12571,1.18438,1.24608,1.31094,1.37915,1.45084,1.52622,1.60545,1.68872,1.77625,1.86823,1.96488,2.06644,2.17313,2.28521,2.40295,2.52660,2.65645,2.79280,2.93595,3.08621,3.24393,3.40945,3.58311,3.76530,3.95640,4.15681,4.36694,4.58722,4.81808,5.05999,5.31342,5.57884,5.85675,6.14767,6.45211,6.77062,7.10374,7.45203,7.81606,8.19640,8.59365,9.00839,9.44122,9.89275,10.36357,10.85430,11.36552,11.89784,12.45184,13.02810,13.62718,14.24962,14.89595,15.56666,16.26224,16.98312,17.72970,18.50234,19.30136,20.12703,20.97955,21.85909,22.76573,23.69948,24.66030,25.64807,26.66256,27.70349,28.77049,29.86308,30.98070,32.12269,33.28832,34.47673,35.68699,36.91807,38.16884,39.43809,40.72453,42.02677,43.34337,44.67279,46.01346,47.36371,48.72187,50.08618,51.45489,52.82620,54.19831,55.56941,56.93769,58.30137,59.65869,61.00790,62.34733,63.67533,64.99032,66.29078,67.57527,68.84242,70.09094,71.31963,72.52738,73.71316,74.87605,76.01522,77.12993,78.21954,79.28350,80.32135,81.33272,82.31733,83.27498,84.20555,85.10900,85.98536,86.83472,87.65725,88.45316,89.22272,89.96626,90.68415,91.37678,92.04461,92.68811,93.30778,93.90415,94.47776,95.02919,95.55900,96.06779,96.55614,97.02467,97.47397,97.90465,98.31731,98.71254,99.09093,99.45308,99.79956,100.13094,100.44777,100.75060,101.03996,101.31638,101.58037,101.83241,102.07300,102.30260,102.52166,102.73063,102.92992,103.11996,103.30113,103.47382,103.63840,103.79522,103.94464,104.08697
BOMV_B3, 0.01673,0.01775,0.01883,0.01997,0.02119,0.02248,0.02384,0.02529,0.02683,0.02846,0.03020,0.03203,0.03398,0.03605,0.03824,0.04057,0.04303,0.04565,0.04843,0.05137,0.05450,0.05781,0.06133,0.06505,0.06901,0.07321,0.07766,0.08238,0.08739,0.09270,0.09833,0.10431,0.11065,0.11737,0.12450,0.13206,0.14009,0.14859,0.15762,0.16719,0.17734,0.18811,0.19953,0.21164,0.22448,0.23810,0.25254,0.26785,0.28410,0.30132,0.31958,0.33894,0.35947,0.38124,0.40432,0.42879,0.45474,0.48224,0.51139,0.54230,0.57506,0.60978,0.64658,0.68558,0.72691,0.77071,0.81712,0.86630,0.91840,0.97359,1.03205,1.09398,1.15956,1.22901,1.30256,1.38042,1.46285,1.55010,1.64245,1.74017,1.84357,1.95295,2.06864,2.19100,2.32036,2.45712,2.60166,2.75439,2.91575,3.08616,3.26611,3.45606,3.65651,3.86800,4.09104,4.32619,4.57401,4.83511,5.11007,5.39951,5.70407,6.02437,6.36108,6.71485,7.08635,7.47625,7.88522,8.31391,8.76300,9.23313,9.72495,10.23905,10.77605,11.33649,11.92091,12.52979,13.16358,13.82265,14.50734,15.21789,15.95450,16.71727,17.50621,18.32125,19.16221,20.02881,20.92066,21.83726,22.77798,23.74209,24.72873,25.73691,26.76554,27.81339,28.87912,29.96130,31.05838,32.16872,33.29059,34.42219,35.56164,36.70701,37.85636,39.00767,40.15895,41.30820,42.45341,43.59262,44.72392,45.84543,46.95535,48.05196,49.13362,50.19878,51.24600,52.27396,53.28144,54.26734,55.23068,56.17061,57.08639,57.97740,58.84315,59.68324,60.49741,61.28547,62.04736,62.78310,63.49278,64.17661,64.83483,65.46777,66.07583,66.65944,67.21909,67.75531,68.26865,68.75973,69.22915,69.67754,70.10557,70.51388,70.90315,71.27405,71.62724,71.96339,72.28316,72.58719,72.87614,73.15063,73.41127,73.65866,73.89340,74.11604,74.32715,74.52724,74.71685,74.89647,75.06657,75.22763
BOMV_B30, 0.02349,0.02488,0.02635,0.02790,0.02955,0.03130,0.03314,0.03510,0.03718,0.03937,0.04170,0.04416,0.04676,0.04953,0.05245,0.05555,0.05883,0.06230,0.06598,0.06987,0.07400,0.07836,0.08299,0.08789,0.09308,0.09857,0.10439,0.11055,0.11707,0.12398,0.13129,0.13904,0.14724,0.15593,0.16513,0.17487,0.18518,0.19610,0.20766,0.21991,0.23287,0.24660,0.26113,0.27652,0.29282,0.31007,0.32833,0.34767,0.36814,0.38982,0.41276,0.43706,0.46277,0.48999,0.51881,0.54932,0.58160,0.61578,0.65196,0.69024,0.73076,0.77365,0.81903,0.86706,0.91788,0.97165,1.02855,1.08874,1.15243,1.21980,1.29107,1.36646,1.44619,1.53051,1.61968,1.71397,1.81367,1.91906,2.03048,2.14825,2.27271,2.40423,2.54320,2.69002,2.84510,3.00890,3.18186,3.36448,3.55725,3.76071,3.97540,4.20190,4.44081,4.69274,4.95834,5.23828,5.53326,5.84399,6.17122,6.51571,6.87826,7.25967,7.66078,8.08244,8.52553,8.99093,9.47954,9.99229,10.53009,11.09388,11.68459,12.30315,12.95048,13.62751,14.33512,15.07420,15.84559,16.65009,17.48849,18.36150,19.26977,20.21390,21.19442,22.21175,23.26624,24.35813,25.48755,26.65452,27.85892,29.10051,30.37888,31.69352,33.04371,34.42862,35.84723,37.29838,38.78071,40.29273,41.83277,43.39903,44.98953,46.60215,48.23467,49.88471,51.54981,53.22738,54.91478,56.60930,58.30818,60.00863,61.70786,63.40307,65.09149,66.77042,68.43718,70.08921,71.72401,73.33921,74.93255,76.50189,78.04526,79.56082,81.04689,82.50194,83.92462,85.31373,86.66824,87.98729,89.27016,90.51629,91.72528,92.89686,94.03090,95.12740,96.18648,97.20836,98.19338,99.14196,100.05462,100.93192,101.77454,102.58317,103.35859,104.10159,104.81303,105.49377,106.14471,106.76676,107.36084,107.92789,108.46884,108.98461,109.47614,109.94435,110.39013,110.81438,111.21797,111.60176,111.96658,112.31325
BOMV_B31, 0.21270,0.22264,0.23304,0.24393,0.25532,0.26724,0.27972,0.29278,0.30645,0.32076,0.33573,0.35140,0.36780,0.38496,0.40291,0.42171,0.44137,0.46195,0.48349,0.50602,0.52960,0.55428,0.58009,0.60711,0.63537,0.66495,0.69589,0.72826,0.76213,0.79757,0.83464,0.87342,0.91399,0.95643,1.00082,1.04725,1.09582,1.14662,1.19975,1.25532,1.31343,1.37420,1.43774,1.50419,1.57367,1.64631,1.72226,1.80165,1.88465,1.97141,2.06209,2.15686,2.25591,2.35941,2.46757,2.58057,2.69862,2.82195,2.95077,3.08531,3.22582,3.37254,3.52573,3.68566,3.85260,4.02684,4.20868,4.39841,4.59635,4.80283,5.01817,5.24273,5.47686,5.72092,5.97528,6.24033,6.51646,6.80407,7.10358,7.41541,7.73997,8.07772,8.42909,8.79453,9.17451,9.56948,9.97992,10.40629,10.84906,11.30872,11.78573,12.28058,12.79373,13.32565,13.87681,14.44765,15.03862,15.65016,16.28267,16.93658,17.61225,18.31005,19.03032,19.77338,20.53951,21.32895,22.14193,22.97863,23.83918,24.72368,25.63219,26.56469,27.52115,28.50146,29.50545,30.53292,31.58357,32.65706,33.75299,34.87090,36.01023,37.17039,38.35070,39.55044,40.76880,42.00491,43.25783,44.52659,45.81013,47.10735,48.41708,49.73812,51.06921,52.40908,53.75638,55.10976,56.46783,57.82920,59.19245,60.55615,61.91888,63.27922,64.63574,65.98707,67.33181,68.66863,69.99621,71.31328,72.61858,73.91095,75.18922,76.45233,77.69924,78.92899,80.14066,81.33341,82.50646,83.65911,84.79070,85.90065,86.98846,88.05367,89.09591,90.11485,91.11023,92.08187,93.02961,93.95337,94.85313,95.72890,96.58074,97.40878,98.21316,98.99408,99.75177,100.48649,101.19854,101.88824,102.55593,103.20200,103.82682,104.43082,105.01440,105.57802,106.12211,106.64714,107.15357,107.64186,108.11250,108.56595,109.00269,109.42320,109.82794,110.21740,110.59202,110.95229,111.29864,111.63153,111.95141,112.25869
BOMV_B32, 0.03405,0.03559,0.03720,0.03889,0.04065,0.04249,0.04442,0.04643,0.04854,0.05074,0.05304,0.05544,0.05796,0.06058,0.06333,0.06620,0.06920,0.07233,0.07561,0.07904,0.08262,0.08636,0.09028,0.09437,0.09864,0.10311,0.10778,0.11267,0.11777,0.12311,0.12868,0.13451,0.14061,0.14698,0.15363,0.16059,0.16786,0.17547,0.18341,0.19172,0.20040,0.20947,0.21896,0.22887,0.23923,0.25006,0.26138,0.27321,0.28557,0.29849,0.31200,0.32611,0.34087,0.35628,0.37240,0.38924,0.40684,0.42523,0.44446,0.46455,0.48554,0.50748,0.53041,0.55437,0.57941,0.60558,0.63292,0.66149,0.69135,0.72254,0.75514,0.78920,0.82479,0.86197,0.90082,0.94141,0.98382,1.02812,1.07441,1.12276,1.17327,1.22604,1.28116,1.33873,1.39887,1.46168,1.52729,1.59581,1.66736,1.74209,1.82013,1.90162,1.98671,2.07556,2.16832,2.26516,2.36626,2.47180,2.58196,2.69695,2.81696,2.94220,3.07290,3.20928,3.35157,3.50003,3.65489,3.81644,3.98493,4.16065,4.34389,4.53496,4.73416,4.94181,5.15825,5.38383,5.61889,5.86381,6.11895,6.38471,6.66148,6.94968,7.24972,7.56204,7.88708,8.22529,8.57714,8.94310,9.32367,9.71932,10.13057,10.55793,11.00191,11.46305,11.94188,12.43894,12.95476,13.48991,14.04492,14.62036,15.21676,15.83469,16.47468,17.13727,17.82300,18.53239,19.26596,20.02420,20.80759,21.61659,22.45166,23.31321,24.20163,25.11728,26.06050,27.03158,28.03077,29.05828,30.11430,31.19893,32.31224,33.45426,34.62493,35.82417,37.05180,38.30759,39.59125,40.90242,42.24065,43.60544,44.99620,46.41228,47.85295,49.31740,50.80474,52.31403,53.84423,55.39425,56.96293,58.54903,60.15127,61.76829,63.39868,65.04100,66.69374,68.35536,70.02429,71.69893,73.37765,75.05881,76.74077,78.42187,80.10046,81.77490,83.44356,85.10486,86.75721,88.39908,90.02896,91.64542
BOMV_B33, 0.03485,0.03654,0.03830,0.04015,0.04209,0.04413,0.04626,0.04849,0.05083,0.05329,0.05586,0.05856,0.06139,0.06436,0.06746,0.07072,0.07414,0.07772,0.08147,0.08540,0.08953,0.09385,0.09838,0.10313,0.10811,0.11333,0.11880,0.12453,0.13054,0.13684,0.14345,0.15037,0.15763,0.16523,0.17320,0.18156,0.19032,0.19950,0.20912,0.21921,0.22978,0.24086,0.25247,0.26464,0.27740,0.29077,0.30478,0.31947,0.33486,0.35099,0.36790,0.38562,0.40418,0.42364,0.44403,0.46540,0.48779,0.51126,0.53584,0.56161,0.58860,0.61689,0.64653,0.67759,0.71012,0.74421,0.77992,0.81734,0.85653,0.89759,0.94061,0.98566,1.03285,1.08228,1.13406,1.18828,1.24507,1.30453,1.36681,1.43202,1.50029,1.57178,1.64662,1.72497,1.80699,1.89284,1.98270,2.07674,2.17516,2.27814,2.38590,2.49863,2.61657,2.73993,2.86896,3.00390,3.14501,3.29254,3.44678,3.60800,3.77650,3.95259,4.13657,4.32878,4.52955,4.73922,4.95815,5.18671,5.42528,5.67423,5.93398,6.20493,6.48750,6.78212,7.08923,7.40926,7.74269,8.08997,8.45156,8.82796,9.21963,9.62707,10.05077,10.49121,10.94890,11.42432,11.91796,12.43031,12.96186,13.51307,14.08441,14.67632,15.28926,15.92363,16.57984,17.25827,17.95927,18.68316,19.43024,20.20078,20.99499,21.81305,22.65511,23.52126,24.41154,25.32594,26.26439,27.22678,28.21291,29.22253,30.25534,31.31095,32.38891,33.48870,34.60973,35.75134,36.91278,38.09327,39.29192,40.50778,41.73987,42.98709,44.24832,45.52237,46.80800,48.10391,49.40877,50.72121,52.03981,53.36315,54.68977,56.01821,57.34698,58.67460,59.99961,61.32054,62.63594,63.94440,65.24453,66.53497,67.81441,69.08159,70.33530,71.57437,72.79770,74.00426,75.19307,76.36323,77.51391,78.64433,79.75381,80.84172,81.90750,82.95067,83.97083,84.96763,85.94078,86.89008,87.81537,88.71657
BOMV_B34, 1.38847,1.46906,1.55426,1.64431,1.73950,1.84011,1.94643,2.05877,2.17746,2.30284,2.43527,2.57514,2.72282,2.87875,3.04334,3.21706,3.40036,3.59375,3.79774,4.01286,4.23966,4.47873,4.73066,4.99607,5.27560,5.56992,5.87972,6.20570,6.54857,6.90910,7.28805,7.68618,8.10430,8.54321,9.00374,9.48670,9.99294,10.52328,11.07856,11.65961,12.26725,12.90228,13.56549,14.25764,14.97946,15.73164,16.51483,17.32963,18.17658,19.05615,19.96873,20.91466,21.89416,22.90736,23.95429,25.03486,26.14888,27.29602,28.47580,29.68765,30.93083,32.20444,33.50748,34.83876,36.19698,37.58067,38.98823,40.41792,41.86789,43.33615,44.82061,46.31906,47.82924,49.34877,50.87526,52.40622,53.93918,55.47163,57.00107,58.52502,60.04104,61.54673,63.03975,64.51788,65.97894,67.42089,68.84180,70.23984,71.61335,72.96078,74.28072,75.57191,76.83326,78.06378,79.26266,80.42922,81.56293,82.66337,83.73027,84.76348,85.76295,86.72877,87.66109,88.56020,89.42644,90.26024,91.06211,91.83260,92.57235,93.28201,93.96229,94.61394,95.23773,95.83445,96.40491,96.94995,97.47038,97.96704,98.44077,98.89240,99.32276,99.73265,100.12287,100.49423,100.84748,101.18340,101.50270,101.80612,102.09434,102.36805,102.62789,102.87451,103.10852,103.33050,103.54102,103.74063,103.92986,104.10920,104.27915,104.44016,104.59268,104.73714,104.87393,105.00345,105.12607,105.24213,105.35198,105.45594,105.55431,105.64737,105.73542,105.81871,105.89749,105.97200,106.04247,106.10910,106.17211,106.23169,106.28802,106.34127,106.39161,106.43920,106.48418,106.52669,106.56688,106.60486,106.64075,106.67467,106.70673,106.73702,106.76565,106.79269,106.81825,106.84240,106.86521,106.88677,106.90714,106.92638,106.94456,106.96173,106.97796,106.99329,107.00777,107.02144,107.03437,107.04657,107.05810,107.06900,107.07928,107.08900,107.09818,107.10686,107.11505,107.12278,107.13009,107.13699,107.14351,107.14967,107.15549,107.16098
BOMV_B35, 0.04831,0.05149,0.05489,0.05851,0.06237,0.06648,0.07087,0.07554,0.08053,0.08584,0.09150,0.09753,0.10396,0.11081,0.11812,0.12591,0.13421,0.14305,0.15248,0.16253,0.17324,0.18465,0.19681,0.20977,0.22359,0.23831,0.25400,0.27072,0.28854,0.30753,0.32776,0.34932,0.37229,0.39677,0.42285,0.45063,0.48023,0.51177,0.54537,0.58116,0.61928,0.65989,0.70315,0.74922,0.79828,0.85053,0.90617,0.96541,1.02849,1.09564,1.16713,1.24323,1.32422,1.41041,1.50214,1.59973,1.70355,1.81399,1.93146,2.05637,2.18919,2.33039,2.48047,2.63995,2.80941,2.98941,3.18058,3.38355,3.59901,3.82766,4.07023,4.32751,4.60028,4.88938,5.19569,5.52010,5.86354,6.22697,6.61139,7.01780,7.44725,7.90079,8.37952,8.88452,9.41691,9.97779,10.56827,11.18945,11.84244,12.52828,13.24803,14.00267,14.79315,15.62036,16.48510,17.38811,18.33001,19.31132,20.33243,21.39361,22.49497,23.63645,24.81783,26.03869,27.29844,28.59627,29.93116,31.30187,32.70697,34.14479,35.61344,37.11084,38.63469,40.18251,41.75165,43.33927,44.94241,46.55798,48.18280,49.81360,51.44706,53.07987,54.70869,56.33023,57.94125,59.53860,61.11924,62.68025,64.21888,65.73253,67.21880,68.67546,70.10052,71.49217,72.84884,74.16917,75.45201,76.69643,77.90170,79.06729,80.19288,81.27831,82.32358,83.32887,84.29450,85.22091,86.10867,86.95844,87.77098,88.54714,89.28783,89.99402,90.66671,91.30695,91.91583,92.49444,93.04389,93.56529,94.05974,94.52835,94.97222,95.39240,95.78997,96.16595,96.52134,96.85712,97.17424,97.47362,97.75615,98.02268,98.27403,98.51099,98.73432,98.94475,99.14296,99.32963,99.50538,99.67081,99.82650,99.97300,100.11081,100.24044,100.36235,100.47698,100.58475,100.68606,100.78128,100.87077,100.95487,101.03388,101.10812,101.17785,101.24336,101.30489,101.36268,101.41695,101.46791,101.51576,101.56070,101.60288
BOMV_B36, 2.33832,2.44954,2.56589,2.68759,2.81489,2.94801,3.08720,3.23272,3.38483,3.54380,3.70992,3.88348,4.06477,4.25411,4.45180,4.65819,4.87360,5.09837,5.33286,5.57742,5.83243,6.09825,6.37526,6.66386,6.96443,7.27737,7.60309,7.94197,8.29444,8.66090,9.04176,9.43741,9.84827,10.27472,10.71717,11.17599,11.65157,12.14426,12.65440,13.18234,13.72839,14.29284,14.87596,15.47799,16.09916,16.73964,17.39959,18.07912,18.77831,19.49718,20.23575,20.99393,21.77164,22.56871,23.38493,24.22004,25.07372,25.94559,26.83521,27.74209,28.66567,29.60533,30.56040,31.53015,32.51379,33.51048,34.51931,35.53936,36.56961,37.60903,38.65656,39.71107,40.77142,41.83645,42.90497,43.97577,45.04764,46.11935,47.18969,48.25743,49.32139,50.38038,51.43323,52.47881,53.51601,54.54377,55.56107,56.56691,57.56038,58.54058,59.50669,60.45792,61.39357,62.31298,63.21554,64.10071,64.96801,65.81702,66.64738,67.45878,68.25096,69.02374,69.77696,70.51054,71.22443,71.91864,72.59320,73.24821,73.88378,74.50009,75.09731,75.67568,76.23544,76.77687,77.30028,77.80597,78.29429,78.76559,79.22023,79.65860,80.08107,80.48803,80.87990,81.25707,81.61995,81.96894,82.30446,82.62690,82.93667,83.23417,83.51980,83.79394,84.05699,84.30932,84.55129,84.78329,85.00566,85.21875,85.42290,85.61845,85.80572,85.98503,86.15667,86.32096,86.47817,86.62858,86.77247,86.91010,87.04173,87.16758,87.28791,87.40294,87.51289,87.61797,87.71839,87.81435,87.90602,87.99360,88.07726,88.15717,88.23349,88.30637,88.37597,88.44243,88.50588,88.56646,88.62429,88.67950,88.73219,88.78249,88.83050,88.87632,88.92004,88.96177,89.00159,89.03958,89.07584,89.11043,89.14344,89.17492,89.20497,89.23363,89.26097,89.28705,89.31193,89.33566,89.35830,89.37990,89.40050,89.42014,89.43888,89.45675,89.47380,89.49005,89.50556,89.52035,89.53445,89.54790,89.56072,89.57295
BOMV_B37, 0.09551,0.10076,0.10629,0.11212,0.11828,0.12477,0.13162,0.13885,0.14647,0.15451,0.16299,0.17193,0.18137,0.19132,0.20181,0.21288,0.22456,0.23687,0.24986,0.26356,0.27801,0.29325,0.30932,0.32627,0.34415,0.36300,0.38288,0.40385,0.42596,0.44927,0.47386,0.49978,0.52712,0.55594,0.58633,0.61838,0.65216,0.68778,0.72533,0.76492,0.80665,0.85064,0.89700,0.94588,0.99739,1.05168,1.10889,1.16919,1.23272,1.29967,1.37021,1.44452,1.52280,1.60527,1.69213,1.78361,1.87995,1.98140,2.08822,2.20068,2.31906,2.44367,2.57481,2.71280,2.85800,3.01075,3.17142,3.34039,3.51806,3.70486,3.90120,4.10755,4.32436,4.55212,4.79133,5.04251,5.30618,5.58289,5.87322,6.17775,6.49708,6.83182,7.18259,7.55005,7.93484,8.33764,8.75911,9.19994,9.66082,10.14245,10.64552,11.17073,11.71876,12.29031,12.88604,13.50663,14.15270,14.82489,15.52379,16.24996,17.00392,17.78617,18.59715,19.43722,20.30674,21.20596,22.13507,23.09420,24.08338,25.10257,26.15163,27.23033,28.33832,29.47517,30.64032,31.83314,33.05283,34.29852,35.56920,36.86377,38.18101,39.51957,40.87802,42.25482,43.64833,45.05684,46.47854,47.91155,49.35395,50.80372,52.25886,53.71729,55.17692,56.63569,58.09149,59.54227,60.98599,62.42065,63.84430,65.25506,66.65111,68.03072,69.39224,70.73410,72.05487,73.35318,74.62779,75.87758,77.10153,78.29873,79.46839,80.60984,81.72252,82.80596,83.85982,84.88383,85.87786,86.84183,87.77578,88.67981,89.55409,90.39890,91.21454,92.00139,92.75988,93.49050,94.19376,94.87021,95.52046,96.14511,96.74480,97.32021,97.87198,98.40082,98.90741,99.39245,99.85663,100.30065,100.72520,101.13096,101.51861,101.88881,102.24223,102.57951,102.90128,103.20816,103.50074,103.77961,104.04535,104.29850,104.53960,104.76917,104.98772,105.19572,105.39365,105.58195,105.76107,105.93142,106.09340,106.24740
BOMV_B38, 0.00434,0.00458,0.00484,0.00511,0.00539,0.00570,0.00602,0.00635,0.00671,0.00708,0.00748,0.00790,0.00834,0.00881,0.00930,0.00982,0.01037,0.01095,0.01156,0.01221,0.01290,0.01362,0.01438,0.01519,0.01604,0.01693,0.01788,0.01888,0.01994,0.02105,0.02223,0.02348,0.02479,0.02618,0.02765,0.02919,0.03083,0.03255,0.03437,0.03630,0.03833,0.04048,0.04274,0.04513,0.04766,0.05033,0.05314,0.05612,0.05926,0.06257,0.06608,0.06977,0.07368,0.07780,0.08215,0.08675,0.09161,0.09673,0.10214,0.10786,0.11389,0.12026,0.12699,0.13410,0.14160,0.14952,0.15788,0.16671,0.17604,0.18588,0.19627,0.20725,0.21884,0.23107,0.24399,0.25763,0.27203,0.28723,0.30329,0.32023,0.33813,0.35702,0.37696,0.39801,0.42024,0.44371,0.46848,0.49463,0.52224,0.55138,0.58215,0.61462,0.64890,0.68509,0.72328,0.76359,0.80614,0.85105,0.89844,0.94846,1.00125,1.05696,1.11575,1.17779,1.24325,1.31232,1.38519,1.46208,1.54320,1.62877,1.71905,1.81427,1.91471,2.02064,2.13236,2.25017,2.37440,2.50539,2.64350,2.78909,2.94256,3.10432,3.27480,3.45444,3.64373,3.84316,4.05324,4.27451,4.50753,4.75290,5.01122,5.28314,5.56932,5.87046,6.18727,6.52051,6.87094,7.23939,7.62669,8.03369,8.46129,8.91041,9.38200,9.87703,10.39651,10.94147,11.51295,12.11204,12.73982,13.39740,14.08593,14.80652,15.56035,16.34855,17.17229,18.03272,18.93097,19.86819,20.84548,21.86392,22.92456,24.02840,25.17640,26.36945,27.60839,28.89397,30.22686,31.60763,33.03674,34.51456,36.04130,37.61707,39.24180,40.91530,42.63721,44.40697,46.22390,48.08708,49.99546,51.94775,53.94249,55.97803,58.05253,60.16395,62.31007,64.48850,66.69666,68.93184,71.19115,73.47158,75.77002,78.08321,80.40786,82.74056,85.07790,87.41640,89.75260,92.08305,94.40433,96.71307
BOMV_B39, 0.15064,0.15907,0.16796,0.17736,0.18727,0.19774,0.20880,0.22047,0.23279,0.24580,0.25953,0.27403,0.28934,0.30550,0.32256,0.34057,0.35959,0.37966,0.40084,0.42321,0.44682,0.47173,0.49803,0.52579,0.55509,0.58602,0.61865,0.65310,0.68944,0.72780,0.76828,0.81099,0.85605,0.90360,0.95377,1.00669,1.06253,1.12142,1.18355,1.24908,1.31819,1.39107,1.46793,1.54898,1.63443,1.72452,1.81948,1.91959,2.02510,2.13629,2.25345,2.37690,2.50695,2.64394,2.78822,2.94015,3.10012,3.26852,3.44577,3.63229,3.82855,4.03500,4.25213,4.48044,4.72045,4.97271,5.23776,5.51619,5.80858,6.11555,6.43772,6.77574,7.13027,7.50197,7.89153,8.29967,8.72707,9.17446,9.64256,10.13211,10.64383,11.17845,11.73669,12.31928,12.92691,13.56027,14.22004,14.90685,15.62133,16.36404,17.13554,17.93631,18.76680,19.62739,20.51839,21.44005,22.39255,23.37597,24.39031,25.43548,26.51127,27.61740,28.75345,29.91888,31.11307,32.33526,33.58455,34.85995,36.16032,37.48444,38.83093,40.19831,41.58500,42.98932,44.40947,45.84359,47.28971,48.74583,50.20986,51.67968,53.15313,54.62803,56.10219,57.57343,59.03958,60.49850,61.94809,63.38633,64.81122,66.22088,67.61349,68.98732,70.34076,71.67230,72.98053,74.26416,75.52205,76.75314,77.95651,79.13136,80.27701,81.39291,82.47859,83.53373,84.55810,85.55157,86.51410,87.44576,88.34670,89.21713,90.05735,90.86773,91.64868,92.40069,93.12427,93.82000,94.48848,95.13035,95.74626,96.33690,96.90297,97.44518,97.96426,98.46093,98.93591,99.38995,99.82377,100.23808,100.63360,101.01103,101.37105,101.71436,102.04161,102.35344,102.65050,102.93340,103.20273,103.45908,103.70301,103.93506,104.15577,104.36563,104.56515,104.75478,104.93500,105.10622,105.26888,105.42338,105.57010,105.70942,105.84169,105.96724,106.08641,106.19951,106.30684,106.40867,106.50527,106.59692,106.68385,106.76630
BOMV_B4, 0.03917,0.04090,0.04270,0.04459,0.04656,0.04862,0.05076,0.05301,0.05535,0.05779,0.06034,0.06301,0.06579,0.06870,0.07173,0.07490,0.07820,0.08166,0.08526,0.08903,0.09296,0.09706,0.10134,0.10582,0.11049,0.11536,0.12045,0.12577,0.13132,0.13711,0.14316,0.14947,0.15607,0.16295,0.17014,0.17764,0.18547,0.19365,0.20218,0.21109,0.22039,0.23011,0.24024,0.25083,0.26187,0.27341,0.28544,0.29801,0.31113,0.32482,0.33911,0.35403,0.36960,0.38585,0.40281,0.42052,0.43899,0.45828,0.47841,0.49941,0.52133,0.54420,0.56808,0.59299,0.61898,0.64610,0.67440,0.70393,0.73474,0.76688,0.80041,0.83540,0.87189,0.90996,0.94967,0.99109,1.03429,1.07935,1.12634,1.17534,1.22644,1.27972,1.33528,1.39320,1.45358,1.51653,1.58215,1.65054,1.72182,1.79610,1.87350,1.95415,2.03817,2.12571,2.21689,2.31185,2.41075,2.51373,2.62095,2.73258,2.84877,2.96970,3.09554,3.22648,3.36270,3.50438,3.65174,3.80496,3.96425,4.12982,4.30189,4.48068,4.66640,4.85930,5.05959,5.26752,5.48333,5.70726,5.93955,6.18045,6.43021,6.68909,6.95733,7.23519,7.52292,7.82078,8.12901,8.44786,8.77757,9.11840,9.47056,9.83430,10.20984,10.59738,10.99714,11.40931,11.83407,12.27160,12.72205,13.18556,13.66226,14.15225,14.65562,15.17243,15.70273,16.24653,16.80384,17.37461,17.95879,18.55630,19.16701,19.79079,20.42744,21.07676,21.73851,22.41240,23.09814,23.79538,24.50373,25.22280,25.95213,26.69126,27.43968,28.19684,28.96219,29.73513,30.51505,31.30129,32.09319,32.89006,33.69121,34.49590,35.30341,36.11299,36.92389,37.73536,38.54663,39.35695,40.16556,40.97172,41.77468,42.57373,43.36814,44.15722,44.94030,45.71671,46.48583,47.24706,47.99980,48.74352,49.47769,50.20181,50.91544,51.61814,52.30952,52.98923,53.65693,54.31234,54.95519,55.58526
BOMV_B40, 1.56276,1.62870,1.69738,1.76891,1.84339,1.92096,2.00173,2.08583,2.17338,2.26453,2.35942,2.45819,2.56099,2.66799,2.77933,2.89519,3.01573,3.14115,3.27161,3.40732,3.54846,3.69524,3.84786,4.00653,4.17149,4.34295,4.52114,4.70631,4.89870,5.09855,5.30614,5.52171,5.74555,5.97792,6.21911,6.46940,6.72909,6.99847,7.27785,7.56753,7.86783,8.17905,8.50153,8.83557,9.18151,9.53966,9.91037,10.29394,10.69072,11.10102,11.52517,11.96350,12.41631,12.88392,13.36663,13.86475,14.37856,14.90834,15.45436,16.01687,16.59612,17.19234,17.80572,18.43646,19.08473,19.75067,20.43441,21.13604,21.85563,22.59322,23.34883,24.12244,24.91397,25.72336,26.55047,27.39513,28.25716,29.13629,30.03226,30.94474,31.87337,32.81773,33.77738,34.75183,35.74055,36.74296,37.75845,38.78637,39.82602,40.87668,41.93758,43.00793,44.08690,45.17363,46.26724,47.36683,48.47146,49.58020,50.69209,51.80616,52.92143,54.03693,55.15166,56.26465,57.37494,58.48155,59.58353,60.67995,61.76990,62.85249,63.92683,64.99210,66.04748,67.09220,68.12550,69.14669,70.15509,71.15007,72.13103,73.09743,74.04876,74.98454,75.90436,76.80783,77.69461,78.56439,79.41692,80.25199,81.06939,81.86901,82.65072,83.41446,84.16019,84.88792,85.59765,86.28946,86.96343,87.61966,88.25830,88.87950,89.48344,90.07033,90.64037,91.19381,91.73090,92.25189,92.75706,93.24669,93.72109,94.18054,94.62537,95.05588,95.47240,95.87525,96.26475,96.64122,97.00501,97.35642,97.69580,98.02346,98.33973,98.64492,98.93936,99.22335,99.49721,99.76124,100.01574,100.26100,100.49732,100.72498,100.94425,101.15541,101.35873,101.55446,101.74285,101.92417,102.09864,102.26651,102.42799,102.58332,102.73271,102.87637,103.01451,103.14732,103.27499,103.39771,103.51567,103.62903,103.73796,103.84264,103.94321,104.03984,104.13266,104.22182,104.30746,104.38972,104.46872,104.54458,104.61743,104.68738
BOMV_B41, 0.06758,0.07126,0.07514,0.07923,0.08354,0.08809,0.09289,0.09794,0.10327,0.10889,0.11482,0.12106,0.12765,0.13460,0.14192,0.14964,0.15778,0.16636,0.17540,0.18494,0.19500,0.20560,0.21678,0.22856,0.24098,0.25407,0.26788,0.28243,0.29777,0.31394,0.33098,0.34895,0.36789,0.38785,0.40889,0.43107,0.45444,0.47908,0.50505,0.53241,0.56125,0.59164,0.62367,0.65741,0.69298,0.73045,0.76993,0.81152,0.85535,0.90151,0.95015,1.00138,1.05535,1.11218,1.17205,1.23509,1.30148,1.37139,1.44499,1.52249,1.60407,1.68994,1.78033,1.87546,1.97556,2.08089,2.19171,2.30829,2.43091,2.55987,2.69548,2.83806,2.98794,3.14547,3.31102,3.48495,3.66768,3.85958,4.06110,4.27266,4.49470,4.72771,4.97214,5.22850,5.49730,5.77905,6.07428,6.38355,6.70742,7.04644,7.40120,7.77229,8.16031,8.56584,8.98950,9.43190,9.89364,10.37531,10.87753,11.40088,11.94594,12.51328,13.10343,13.71693,14.35427,15.01592,15.70231,16.41384,17.15085,17.91366,18.70250,19.51756,20.35897,21.22680,22.12101,23.04152,23.98816,24.96067,25.95869,26.98178,28.02941,29.10094,30.19565,31.31271,32.45118,33.61004,34.78818,35.98438,37.19733,38.42566,39.66789,40.92250,42.18786,43.46233,44.74419,46.03168,47.32303,48.61643,49.91005,51.20209,52.49074,53.77419,55.05069,56.31852,57.57601,58.82152,60.05352,61.27050,62.47107,63.65390,64.81776,65.96150,67.08407,68.18452,69.26200,70.31576,71.34512,72.34954,73.32854,74.28176,75.20892,76.10981,76.98432,77.83242,78.65415,79.44962,80.21900,80.96252,81.68048,82.37321,83.04108,83.68454,84.30403,84.90005,85.47312,86.02377,86.55257,87.06009,87.54691,88.01364,88.46088,88.88923,89.29930,89.69170,90.06702,90.42587,90.76882,91.09647,91.40939,91.70813,91.99324,92.26527,92.52473,92.77214,93.00800,93.23278,93.44695,93.65097,93.84527,94.03028
BOMV_B42, 0.03630,0.03816,0.04012,0.04217,0.04434,0.04661,0.04900,0.05151,0.05415,0.05692,0.05984,0.06291,0.06613,0.06952,0.07308,0.07683,0.08076,0.08490,0.08925,0.09382,0.09863,0.10368,0.10900,0.11458,0.12045,0.12662,0.13310,0.13992,0.14708,0.15461,0.16253,0.17085,0.17960,0.18879,0.19846,0.20861,0.21929,0.23051,0.24230,0.25470,0.26773,0.28142,0.29581,0.31094,0.32683,0.34354,0.36109,0.37955,0.39894,0.41931,0.44073,0.46323,0.48688,0.51173,0.53784,0.56527,0.59410,0.62439,0.65621,0.68965,0.72478,0.76168,0.80045,0.84118,0.88396,0.92890,0.97610,1.02568,1.07775,1.13244,1.18987,1.25018,1.31351,1.38001,1.44983,1.52313,1.60008,1.68086,1.76565,1.85464,1.94803,2.04604,2.14887,2.25677,2.36996,2.48870,2.61324,2.74385,2.88081,3.02442,3.17496,3.33276,3.49815,3.67145,3.85303,4.04324,4.24246,4.45107,4.66948,4.89811,5.13738,5.38772,5.64960,5.92347,6.20982,6.50914,6.82191,7.14866,7.48991,7.84619,8.21803,8.60599,9.01062,9.43247,9.87212,10.33011,10.80703,11.30342,11.81986,12.35689,12.91505,13.49489,14.09692,14.72164,15.36953,16.04106,16.73665,17.45671,18.20159,18.97163,19.76712,20.58828,21.43530,22.30833,23.20742,24.13260,25.08380,26.06091,27.06372,28.09195,29.14526,30.22321,31.32527,32.45085,33.59924,34.76968,35.96129,37.17314,38.40418,39.65330,40.91931,42.20094,43.49685,44.80563,46.12582,47.45590,48.79429,50.13939,51.48956,52.84312,54.19840,55.55370,56.90733,58.25760,59.60285,60.94143,62.27174,63.59220,64.90129,66.19754,67.47955,68.74598,69.99554,71.22706,72.43941,73.63155,74.80253,75.95150,77.07766,78.18033,79.25890,80.31284,81.34172,82.34518,83.32294,84.27480,85.20065,86.10040,86.97409,87.82178,88.64359,89.43972,90.21041,90.95593,91.67661,92.37282,93.04496,93.69345,94.31875,94.92135
BOMV_B43, 0.24016,0.25295,0.26643,0.28062,0.29556,0.31130,0.32788,0.34533,0.36371,0.38306,0.40345,0.42491,0.44751,0.47130,0.49636,0.52274,0.55052,0.57977,0.61056,0.64298,0.67711,0.71304,0.75086,0.79068,0.83259,0.87671,0.92315,0.97202,1.02346,1.07760,1.13457,1.19453,1.25762,1.32400,1.39384,1.46732,1.54462,1.62593,1.71146,1.80142,1.89603,1.99553,2.10014,2.21014,2.32578,2.44734,2.57511,2.70938,2.85049,2.99875,3.15451,3.31812,3.48995,3.67039,3.85984,4.05872,4.26745,4.48648,4.71629,4.95734,5.21014,5.47519,5.75303,6.04419,6.34924,6.66875,7.00332,7.35354,7.72003,8.10343,8.50437,8.92351,9.36151,9.81904,10.29676,10.79537,11.31554,11.85794,12.42326,13.01217,13.62532,14.26336,14.92692,15.61661,16.33302,17.07671,17.84819,18.64796,19.47645,20.33407,21.22114,22.13796,23.08474,24.06164,25.06872,26.10598,27.17334,28.27061,29.39753,30.55372,31.73872,32.95196,34.19276,35.46033,36.75379,38.07212,39.41422,40.77887,42.16476,43.57048,44.99450,46.43522,47.89096,49.35997,50.84039,52.33036,53.82792,55.33110,56.83788,58.34623,59.85412,61.35951,62.86037,64.35471,65.84057,67.31601,68.77919,70.22830,71.66161,73.07747,74.47433,75.85070,77.20523,78.53663,79.84374,81.12551,82.38097,83.60929,84.80973,85.98166,87.12455,88.23799,89.32165,90.37529,91.39880,92.39210,93.35525,94.28834,95.19156,96.06516,96.90945,97.72479,98.51160,99.27034,100.00152,100.70567,101.38337,102.03521,102.66182,103.26383,103.84189,104.39668,104.92886,105.43911,105.92811,106.39654,106.84507,107.27439,107.68514,108.07800,108.45361,108.81261,109.15561,109.48324,109.79608,110.09473,110.37974,110.65168,110.91108,111.15846,111.39432,111.61915,111.83343,112.03762,112.23214,112.41743,112.59390,112.76193,112.92191,113.07421,113.21916,113.35712,113.48839,113.61329,113.73211,113.84514,113.95265,114.05490,114.15214,114.24460
BOMV_B44, 0.05227,0.05472,0.05727,0.05995,0.06275,0.06569,0.06876,0.07197,0.07534,0.07886,0.08254,0.08640,0.09044,0.09467,0.09909,0.10372,0.10857,0.11364,0.11895,0.12451,0.13032,0.13641,0.14278,0.14945,0.15643,0.16374,0.17138,0.17938,0.18776,0.19652,0.20570,0.21530,0.22534,0.23586,0.24686,0.25838,0.27043,0.28305,0.29625,0.31006,0.32451,0.33964,0.35547,0.37203,0.38936,0.40749,0.42647,0.44632,0.46710,0.48884,0.51158,0.53537,0.56027,0.58631,0.61356,0.64206,0.67188,0.70308,0.73571,0.76984,0.80554,0.84288,0.88194,0.92279,0.96551,1.01018,1.05690,1.10576,1.15684,1.21025,1.26610,1.32448,1.38552,1.44932,1.51602,1.58573,1.65859,1.73473,1.81429,1.89743,1.98430,2.07505,2.16986,2.26889,2.37231,2.48033,2.59312,2.71089,2.83383,2.96217,3.09613,3.23592,3.38178,3.53396,3.69271,3.85828,4.03093,4.21095,4.39861,4.59420,4.79801,5.01035,5.23153,5.46186,5.70168,5.95131,6.21109,6.48136,6.76248,7.05479,7.35865,7.67443,8.00250,8.34321,8.69694,9.06406,9.44494,9.83994,10.24943,10.67377,11.11331,11.56840,12.03938,12.52658,13.03032,13.55089,14.08859,14.64368,15.21641,15.80702,16.41569,17.04262,17.68795,18.35179,19.03424,19.73533,20.45509,21.19349,21.95045,22.72587,23.51959,24.33141,25.16107,26.00828,26.87268,27.75388,28.65141,29.56478,30.49342,31.43674,32.39406,33.36469,34.34787,35.34279,36.34861,37.36445,38.38937,39.42241,40.46258,41.50886,42.56020,43.61552,44.67374,45.73377,46.79450,47.85482,48.91362,49.96981,51.02229,52.07000,53.11187,54.14688,55.17402,56.19233,57.20087,58.19873,59.18507,60.15906,61.11995,62.06700,62.99956,63.91699,64.81872,65.70425,66.57310,67.42485,68.25914,69.07567,69.87416,70.65439,71.41621,72.15948,72.88413,73.59012,74.27746,74.94617,75.59634,76.22808,76.84153,77.43686
BOMV_B45, 0.11812,0.12431,0.13082,0.13767,0.14488,0.15247,0.16046,0.16886,0.17770,0.18700,0.19679,0.20709,0.21793,0.22934,0.24134,0.25397,0.26725,0.28123,0.29594,0.31142,0.32770,0.34484,0.36286,0.38183,0.40178,0.42277,0.44485,0.46809,0.49253,0.51824,0.54528,0.57374,0.60366,0.63515,0.66826,0.70309,0.73972,0.77825,0.81877,0.86138,0.90619,0.95332,1.00288,1.05498,1.10977,1.16738,1.22794,1.29161,1.35854,1.42890,1.50285,1.58058,1.66226,1.74811,1.83831,1.93309,2.03267,2.13729,2.24718,2.36260,2.48382,2.61111,2.74477,2.88510,3.03241,3.18703,3.34929,3.51956,3.69819,3.88558,4.08211,4.28821,4.50428,4.73078,4.96816,5.21688,5.47744,5.75034,6.03608,6.33519,6.64823,6.97575,7.31831,7.67650,8.05091,8.44215,8.85084,9.27759,9.72303,10.18780,10.67255,11.17790,11.70450,12.25299,12.82400,13.41815,14.03605,14.67831,15.34549,16.03817,16.75686,17.50208,18.27428,19.07390,19.90133,20.75691,21.64091,22.55357,23.49506,24.46547,25.46483,26.49310,27.55014,28.63574,29.74961,30.89134,32.06044,33.25635,34.47836,35.72570,36.99749,38.29274,39.61037,40.94920,42.30796,43.68529,45.07972,46.48973,47.91371,49.34999,50.79682,52.25242,53.71494,55.18252,56.65325,58.12522,59.59652,61.06522,62.52941,63.98722,65.43680,66.87635,68.30410,69.71837,71.11752,72.50000,73.86433,75.20912,76.53307,77.83498,79.11374,80.36832,81.59783,82.80144,83.97845,85.12823,86.25029,87.34419,88.40961,89.44630,90.45412,91.43300,92.38293,93.30401,94.19637,95.06023,95.89585,96.70357,97.48375,98.23680,98.96320,99.66343,100.33801,100.98749,101.61245,102.21348,102.79119,103.34620,103.87914,104.39064,104.88134,105.35189,105.80291,106.23506,106.64896,107.04524,107.42451,107.78738,108.13445,108.46631,108.78352,109.08665,109.37625,109.65284,109.91695,110.16909,110.40973,110.63936,110.85844,111.06741
BOMV_B46, 0.01311,0.01393,0.01481,0.01573,0.01672,0.01777,0.01888,0.02007,0.02133,0.02266,0.02408,0.02559,0.02720,0.02890,0.03072,0.03264,0.03469,0.03687,0.03918,0.04163,0.04424,0.04702,0.04996,0.05310,0.05642,0.05996,0.06372,0.06771,0.07196,0.07647,0.08126,0.08635,0.09176,0.09751,0.10362,0.11011,0.11701,0.12434,0.13213,0.14040,0.14920,0.15854,0.16846,0.17901,0.19021,0.20212,0.21477,0.22821,0.24248,0.25765,0.27376,0.29088,0.30906,0.32838,0.34890,0.37069,0.39384,0.41843,0.44455,0.47229,0.50176,0.53305,0.56628,0.60156,0.63903,0.67882,0.72106,0.76591,0.81353,0.86408,0.91773,0.97469,1.03513,1.09929,1.16736,1.23959,1.31623,1.39754,1.48378,1.57525,1.67226,1.77513,1.88418,1.99980,2.12233,2.25219,2.38978,2.53555,2.68993,2.85341,3.02649,3.20970,3.40356,3.60866,3.82559,4.05496,4.29740,4.55360,4.82422,5.10999,5.41163,5.72990,6.06558,6.41945,6.79234,7.18507,7.59847,8.03341,8.49074,8.97131,9.47599,10.00564,10.56110,11.14320,11.75274,12.39052,13.05726,13.75367,14.48040,15.23804,16.02712,16.84807,17.70127,18.58696,19.50532,20.45640,21.44011,22.45625,23.50449,24.58432,25.69513,26.83611,28.00632,29.20465,30.42983,31.68043,32.95486,34.25139,35.56815,36.90311,38.25415,39.61900,40.99533,42.38070,43.77261,45.16854,46.56589,47.96209,49.35456,50.74075,52.11817,53.48438,54.83701,56.17381,57.49262,58.79143,60.06833,61.32157,62.54956,63.75084,64.92414,66.06832,67.18242,68.26562,69.31729,70.33691,71.32412,72.27872,73.20060,74.08981,74.94650,75.77091,76.56340,77.32440,78.05443,78.75408,79.42399,80.06484,80.67739,81.26241,81.82070,82.35308,82.86042,83.34355,83.80333,84.24064,84.65633,85.05124,85.42623,85.78211,86.11971,86.43982,86.74321,87.03065,87.30287,87.56059,87.80448,88.03523,88.25346,88.45981
BOMV_B47, 0.96214,1.00664,1.05318,1.10184,1.15272,1.20593,1.26156,1.31972,1.38053,1.44410,1.51055,1.58001,1.65261,1.72849,1.80779,1.89066,1.97725,2.06772,2.16225,2.26099,2.36414,2.47188,2.58439,2.70189,2.82458,2.95267,3.08638,3.22596,3.37162,3.52363,3.68223,3.84769,4.02028,4.20027,4.38796,4.58364,4.78761,5.00018,5.22169,5.45244,5.69279,5.94308,6.20365,6.47487,6.75710,7.05071,7.35609,7.67361,8.00367,8.34665,8.70295,9.07298,9.45712,9.85579,10.26938,10.69828,11.14290,11.60362,12.08083,12.57490,13.08621,13.61510,14.16192,14.72701,15.31067,15.91319,16.53484,17.17588,17.83652,18.51696,19.21735,19.93783,20.67849,21.43939,22.22054,23.02191,23.84344,24.68499,25.54642,26.42749,27.32794,28.24745,29.18564,30.14208,31.11627,32.10768,33.11570,34.13969,35.17893,36.23265,37.30004,38.38025,39.47234,40.57537,41.68833,42.81018,43.93985,45.07624,46.21820,47.36458,48.51420,49.66588,50.81843,51.97063,53.12129,54.26922,55.41323,56.55217,57.68488,58.81025,59.92719,61.03464,62.13158,63.21704,64.29008,65.34983,66.39542,67.42610,68.44111,69.43978,70.42149,71.38567,72.33181,73.25945,74.16819,75.05768,75.92763,76.77780,77.60801,78.41811,79.20802,79.97767,80.72708,81.45629,82.16535,82.85441,83.52359,84.17308,84.80309,85.41385,86.00563,86.57872,87.13340,87.67001,88.18888,88.69036,89.17482,89.64262,90.09416,90.52981,90.94997,91.35504,91.74542,92.12151,92.48370,92.83239,93.16799,93.49089,93.80147,94.10013,94.38724,94.66317,94.92830,95.18300,95.42760,95.66246,95.88793,96.10433,96.31198,96.51121,96.70231,96.88560,97.06135,97.22986,97.39140,97.54623,97.69460,97.83678,97.97300,98.10350,98.22850,98.34821,98.46286,98.57264,98.67775,98.77838,98.87471,98.96691,99.05516,99.13962,99.22045,99.29779,99.37179,99.44259,99.51033,99.57513,99.63712,99.69641,99.75312,99.80736
BOMV_B48, 0.56135,0.58683,0.61345,0.64127,0.67034,0.70072,0.73247,0.76564,0.80031,0.83652,0.87436,0.91390,0.95521,0.99836,1.04344,1.09053,1.13972,1.19110,1.24476,1.30081,1.35935,1.42047,1.48431,1.55096,1.62055,1.69321,1.76906,1.84824,1.93089,2.01715,2.10718,2.20113,2.29916,2.40145,2.50816,2.61947,2.73557,2.85666,2.98293,3.11458,3.25184,3.39492,3.54405,3.69946,3.86139,4.03008,4.20580,4.38880,4.57936,4.77774,4.98423,5.19912,5.42271,5.65529,5.89717,6.14868,6.41012,6.68182,6.96412,7.25733,7.56181,7.87789,8.20592,8.54623,8.89917,9.26510,9.64434,10.03725,10.44416,10.86541,11.30133,11.75223,12.21843,12.70024,13.19795,13.71183,14.24215,14.78916,15.35309,15.93414,16.53250,17.14834,17.78179,18.43295,19.10190,19.78870,20.49334,21.21581,21.95605,22.71394,23.48935,24.28209,25.09194,25.91862,26.76181,27.62114,28.49621,29.38654,30.29165,31.21096,32.14388,33.08977,34.04793,35.01763,35.99811,36.98853,37.98807,38.99582,40.01089,41.03232,42.05915,43.09039,44.12503,45.16206,46.20045,47.23917,48.27717,49.31343,50.34692,51.37663,52.40156,53.42072,54.43317,55.43796,56.43419,57.42100,58.39754,59.36302,60.31668,61.25780,62.18571,63.09978,63.99943,64.88412,65.75336,66.60671,67.44377,68.26420,69.06769,69.85398,70.62287,71.37418,72.10778,72.82360,73.52158,74.20171,74.86401,75.50854,76.13539,76.74469,77.33656,77.91119,78.46877,79.00952,79.53367,80.04148,80.53322,81.00916,81.46961,81.91488,82.34528,82.76113,83.16277,83.55054,83.92477,84.28580,84.63399,84.96967,85.29319,85.60490,85.90513,86.19423,86.47253,86.74036,86.99805,87.24592,87.48430,87.71348,87.93379,88.14551,88.34893,88.54436,88.73206,88.91231,89.08538,89.25151,89.41098,89.56401,89.71085,89.85173,89.98687,90.11649,90.24080,90.36001,90.47430,90.58387,90.68890,90.78958,90.88607,90.97853
BOMV_B49, 0.58138,0.60769,0.63518,0.66391,0.69393,0.72530,0.75808,0.79232,0.82810,0.86549,0.90454,0.94534,0.98797,1.03250,1.07902,1.12760,1.17836,1.23137,1.28673,1.34456,1.40494,1.46800,1.53385,1.60261,1.67440,1.74936,1.82761,1.90929,1.99456,2.08356,2.17645,2.27339,2.37454,2.48009,2.59022,2.70511,2.82496,2.94996,3.08033,3.21629,3.35804,3.50584,3.65991,3.82049,3.98785,4.16224,4.34394,4.53321,4.73035,4.93564,5.14939,5.37191,5.60351,5.84452,6.09526,6.35609,6.62733,6.90935,7.20250,7.50715,7.82367,8.15243,8.49381,8.84820,9.21599,9.59755,9.99328,10.40358,10.82882,11.26941,11.72571,12.19812,12.68701,13.19274,13.71568,14.25617,14.81455,15.39113,15.98624,16.60015,17.23314,17.88545,18.55730,19.24889,19.96039,20.69193,21.44362,22.21553,23.00768,23.82008,24.65266,25.50534,26.37798,27.27039,28.18234,29.11354,30.06366,31.03231,32.01906,33.02341,34.04481,35.08266,36.13632,37.20508,38.28819,39.38484,40.49419,41.61533,42.74733,43.88922,45.03997,46.19854,47.36385,48.53480,49.71025,50.88907,52.07010,53.25217,54.43411,55.61476,56.79294,57.96750,59.13731,60.30124,61.45820,62.60710,63.74691,64.87662,65.99526,67.10191,68.19567,69.27570,70.34123,71.39149,72.42580,73.44352,74.44407,75.42690,76.39153,77.33755,78.26457,79.17227,80.06038,80.92866,81.77696,82.60514,83.41311,84.20084,84.96832,85.71560,86.44275,87.14988,87.83714,88.50470,89.15277,89.78156,90.39134,90.98237,91.55495,92.10939,92.64602,93.16516,93.66718,94.15243,94.62129,95.07412,95.51132,95.93326,96.34034,96.73295,97.11146,97.47628,97.82780,98.16639,98.49244,98.80634,99.10844,99.39913,99.67876,99.94770,100.20629,100.45487,100.69380,100.92338,101.14396,101.35584,101.55932,101.75471,101.94231,102.12238,102.29521,102.46107,102.62021,102.77288,102.91934,103.05981,103.19452,103.32370,103.44756,103.56630
BOMV_B50, 0.48664,0.51203,0.53874,0.56683,0.59638,0.62746,0.66015,0.69453,0.73068,0.76870,0.80869,0.85073,0.89495,0.94143,0.99031,1.04170,1.09572,1.15251,1.21221,1.27495,1.34090,1.41022,1.48305,1.55959,1.64002,1.72451,1.81328,1.90652,2.00445,2.10731,2.21532,2.32873,2.44780,2.57279,2.70398,2.84166,2.98612,3.13769,3.29668,3.46343,3.63828,3.82160,4.01377,4.21516,4.42617,4.64722,4.87872,5.12112,5.37486,5.64040,5.91822,6.20878,6.51260,6.83016,7.16199,7.50859,7.87050,8.24824,8.64236,9.05339,9.48188,9.92835,10.39336,10.87742,11.38107,11.90482,12.44917,13.01460,13.60159,14.21058,14.84198,15.49619,16.17357,16.87443,17.59905,18.34767,19.12048,19.91760,20.73910,21.58501,22.45528,23.34977,24.26831,25.21062,26.17637,27.16513,28.17638,29.20956,30.26397,31.33887,32.43341,33.54666,34.67763,35.82522,36.98827,38.16554,39.35574,40.55750,41.76940,42.98996,44.21766,45.45096,46.68827,47.92798,49.16848,50.40815,51.64537,52.87855,54.10610,55.32646,56.53812,57.73960,58.92950,60.10644,61.26911,62.41630,63.54684,64.65964,65.75369,66.82809,67.88198,68.91461,69.92532,70.91350,71.87867,72.82039,73.73833,74.63222,75.50188,76.34718,77.16807,77.96458,78.73678,79.48480,80.20883,80.90910,81.58589,82.23953,82.87037,83.47880,84.06524,84.63014,85.17397,85.69721,86.20036,86.68394,87.14848,87.59450,88.02254,88.43314,88.82684,89.20418,89.56570,89.91193,90.24339,90.56060,90.86408,91.15433,91.43183,91.69707,91.95052,92.19264,92.42388,92.64467,92.85544,93.05659,93.24853,93.43163,93.60628,93.77283,93.93163,94.08302,94.22731,94.36482,94.49585,94.62069,94.73961,94.85289,94.96077,95.06350,95.16131,95.25444,95.34309,95.42749,95.50781,95.58425,95.65700,95.72623,95.79210,95.85477,95.91439,95.97111,96.02506,96.07639,96.12520,96.17163,96.21578,96.25778,96.29771,96.33569
BOMV_B6, 0.00575,0.00605,0.00636,0.00668,0.00702,0.00738,0.00776,0.00815,0.00857,0.00900,0.00946,0.00995,0.01045,0.01099,0.01155,0.01213,0.01275,0.01340,0.01409,0.01481,0.01556,0.01635,0.01719,0.01807,0.01899,0.01996,0.02097,0.02204,0.02317,0.02435,0.02559,0.02689,0.02826,0.02971,0.03122,0.03281,0.03449,0.03624,0.03809,0.04003,0.04207,0.04422,0.04647,0.04884,0.05133,0.05395,0.05670,0.05959,0.06262,0.06581,0.06917,0.07269,0.07640,0.08029,0.08438,0.08868,0.09319,0.09794,0.10293,0.10817,0.11368,0.11947,0.12555,0.13194,0.13866,0.14571,0.15313,0.16092,0.16911,0.17771,0.18675,0.19625,0.20623,0.21672,0.22773,0.23931,0.25147,0.26424,0.27767,0.29177,0.30658,0.32215,0.33850,0.35567,0.37371,0.39266,0.41257,0.43347,0.45543,0.47850,0.50272,0.52816,0.55488,0.58293,0.61239,0.64333,0.67581,0.70991,0.74572,0.78331,0.82277,0.86419,0.90767,0.95331,1.00120,1.05147,1.10421,1.15955,1.21762,1.27853,1.34243,1.40945,1.47975,1.55346,1.63076,1.71180,1.79675,1.88580,1.97913,2.07692,2.17939,2.28673,2.39916,2.51690,2.64018,2.76924,2.90432,3.04567,3.19355,3.34824,3.51000,3.67912,3.85589,4.04061,4.23358,4.43510,4.64550,4.86510,5.09423,5.33321,5.58237,5.84207,6.11263,6.39440,6.68772,6.99292,7.31035,7.64033,7.98319,8.33925,8.70883,9.09222,9.48971,9.90157,10.32807,10.76943,11.22588,11.69760,12.18477,12.68751,13.20595,13.74015,14.29015,14.85596,15.43753,16.03478,16.64758,17.27577,17.91912,18.57737,19.25019,19.93722,20.63803,21.35215,22.07905,22.81816,23.56885,24.33044,25.10221,25.88339,26.67318,27.47071,28.27512,29.08547,29.90082,30.72020,31.54262,32.36707,33.19255,34.01802,34.84246,35.66487,36.48423,37.29956,38.10989,38.91426,39.71176,40.50151,41.28265,42.05437
BOMV_B7, 0.00596,0.00625,0.00656,0.00688,0.00722,0.00757,0.00795,0.00834,0.00875,0.00918,0.00963,0.01010,0.01060,0.01112,0.01167,0.01224,0.01284,0.01347,0.01414,0.01483,0.01556,0.01633,0.01713,0.01797,0.01885,0.01978,0.02075,0.02177,0.02284,0.02397,0.02514,0.02638,0.02768,0.02904,0.03046,0.03196,0.03353,0.03518,0.03691,0.03872,0.04062,0.04262,0.04471,0.04690,0.04921,0.05162,0.05416,0.05682,0.05960,0.06253,0.06560,0.06882,0.07219,0.07573,0.07945,0.08334,0.08743,0.09172,0.09621,0.10093,0.10587,0.11106,0.11650,0.12220,0.12818,0.13445,0.14103,0.14793,0.15516,0.16275,0.17070,0.17904,0.18778,0.19695,0.20656,0.21664,0.22720,0.23828,0.24988,0.26205,0.27480,0.28817,0.30218,0.31686,0.33225,0.34837,0.36526,0.38296,0.40151,0.42093,0.44129,0.46260,0.48493,0.50831,0.53279,0.55843,0.58527,0.61338,0.64279,0.67358,0.70580,0.73952,0.77479,0.81170,0.85030,0.89067,0.93288,0.97702,1.02316,1.07138,1.12177,1.17442,1.22941,1.28684,1.34680,1.40940,1.47472,1.54289,1.61399,1.68813,1.76543,1.84600,1.92994,2.01737,2.10841,2.20317,2.30178,2.40434,2.51097,2.62180,2.73694,2.85650,2.98060,3.10935,3.24286,3.38123,3.52458,3.67299,3.82657,3.98539,4.14954,4.31910,4.49412,4.67467,4.86079,5.05253,5.24990,5.45293,5.66161,5.87594,6.09589,6.32141,6.55246,6.78896,7.03083,7.27797,7.53024,7.78752,8.04966,8.31646,8.58776,8.86334,9.14298,9.42644,9.71347,10.00379,10.29713,10.59318,10.89164,11.19219,11.49451,11.79825,12.10308,12.40864,12.71459,13.02058,13.32625,13.63124,13.93522,14.23784,14.53876,14.83766,15.13420,15.42809,15.71902,16.00671,16.29089,16.57129,16.84767,17.11982,17.38752,17.65058,17.90881,18.16207,18.41022,18.65312,18.89067,19.12279,19.34940,19.57043
BOMV_B8, 0.02088,0.02217,0.02354,0.02500,0.02655,0.02819,0.02994,0.03179,0.03376,0.03585,0.03807,0.04043,0.04293,0.04559,0.04841,0.05140,0.05459,0.05796,0.06155,0.06536,0.06941,0.07370,0.07826,0.08311,0.08825,0.09371,0.09951,0.10567,0.11220,0.11914,0.12651,0.13434,0.14265,0.15147,0.16084,0.17078,0.18134,0.19255,0.20445,0.21709,0.23050,0.24474,0.25987,0.27592,0.29296,0.31105,0.33025,0.35064,0.37228,0.39525,0.41963,0.44551,0.47297,0.50213,0.53307,0.56590,0.60075,0.63773,0.67698,0.71862,0.76280,0.80968,0.85942,0.91219,0.96816,1.02754,1.09052,1.15732,1.22816,1.30328,1.38294,1.46740,1.55694,1.65186,1.75246,1.85909,1.97208,2.09179,2.21862,2.35297,2.49525,2.64592,2.80543,2.97429,3.15299,3.34209,3.54213,3.75371,3.97743,4.21394,4.46389,4.72798,5.00691,5.30144,5.61233,5.94037,6.28638,6.65120,7.03569,7.44074,7.86725,8.31613,8.78833,9.28478,9.80643,10.35425,10.92917,11.53216,12.16414,12.82604,13.51875,14.24312,15.00000,15.79014,16.61428,17.47307,18.36709,19.29685,20.26274,21.26508,22.30405,23.37972,24.49202,25.64075,26.82555,28.04591,29.30114,30.59042,31.91271,33.26683,34.65140,36.06489,37.50559,38.97160,40.46090,41.97129,43.50044,45.04590,46.60509,48.17535,49.75394,51.33806,52.92486,54.51149,56.09508,57.67280,59.24185,60.79949,62.34308,63.87006,65.37798,66.86453,68.32755,69.76500,71.17503,72.55594,73.90622,75.22451,76.50966,77.76065,78.97667,80.15706,81.30133,82.40914,83.48031,84.51477,85.51262,86.47406,87.39940,88.28906,89.14356,89.96349,90.74951,91.50234,92.22279,92.91166,93.56983,94.19820,94.79769,95.36924,95.91379,96.43229,96.92571,97.39499,97.84108,98.26490,98.66738,99.04940,99.41187,99.75562,100.08151,100.39035,100.68292,100.96000,101.22231,101.47057,101.70547,101.92767,102.13780,102.33647
BOMV_B9, 0.05959,0.06281,0.06621,0.06979,0.07357,0.07755,0.08175,0.08617,0.09083,0.09574,0.10092,0.10638,0.11213,0.11819,0.12458,0.13132,0.13842,0.14590,0.15379,0.16210,0.17086,0.18009,0.18983,0.20008,0.21089,0.22228,0.23428,0.24694,0.26027,0.27432,0.28912,0.30473,0.32117,0.33849,0.35675,0.37599,0.39626,0.41761,0.44012,0.46383,0.48881,0.51512,0.54285,0.57206,0.60283,0.63524,0.66939,0.70535,0.74324,0.78313,0.82516,0.86941,0.91601,0.96509,1.01677,1.07118,1.12846,1.18877,1.25226,1.31909,1.38943,1.46346,1.54136,1.62334,1.70960,1.80035,1.89582,1.99623,2.10184,2.21290,2.32968,2.45245,2.58150,2.71713,2.85967,3.00943,3.16675,3.33199,3.50550,3.68768,3.87891,4.07960,4.29016,4.51103,4.74266,4.98550,5.24002,5.50672,5.78608,6.07861,6.38484,6.70529,7.04049,7.39100,7.75736,8.14012,8.53985,8.95711,9.39246,9.84645,10.31963,10.81256,11.32575,11.85974,12.41501,12.99206,13.59134,14.21327,14.85825,15.52664,16.21876,16.93487,17.67522,18.43995,19.22918,20.04296,20.88127,21.74401,22.63101,23.54204,24.47676,25.43476,26.41554,27.41850,28.44298,29.48819,30.55329,31.63731,32.73923,33.85792,34.99219,36.14073,37.30222,38.47521,39.65824,40.84977,42.04821,43.25195,44.45934,45.66872,46.87840,48.08671,49.29197,50.49252,51.68675,52.87304,54.04985,55.21568,56.36909,57.50869,58.63317,59.74131,60.83196,61.90404,62.95658,63.98868,64.99953,65.98844,66.95477,67.89799,68.81766,69.71342,70.58500,71.43219,72.25488,73.05302,73.82664,74.57582,75.30071,76.00151,76.67848,77.33192,77.96217,78.56962,79.15469,79.71781,80.25947,80.78015,81.28038,81.76067,82.22156,82.66361,83.08737,83.49340,83.88226,84.25451,84.61071,84.95140,85.27715,85.58847,85.88592,86.17000,86.44124,86.70013,86.94715,87.18280,87.40752,87.62177,87.82600,88.02061
BOMV_DC52, 0.78596,0.81934,0.85413,0.89039,0.92816,0.96753,1.00855,1.05129,1.09582,1.14221,1.19055,1.24090,1.29336,1.34801,1.40493,1.46422,1.52597,1.59028,1.65726,1.72702,1.79965,1.87528,1.95403,2.03601,2.12136,2.21021,2.30269,2.39895,2.49913,2.60338,2.71186,2.82473,2.94216,3.06432,3.19138,3.32352,3.46095,3.60385,3.75242,3.90687,4.06741,4.23425,4.40763,4.58776,4.77490,4.96927,5.17112,5.38071,5.59830,5.82415,6.05853,6.30171,6.55398,6.81561,7.08690,7.36814,7.65962,7.96165,8.27453,8.59856,8.93405,9.28130,9.64063,10.01235,10.39676,10.79416,11.20487,11.62917,12.06738,12.51976,12.98662,13.46822,13.96482,14.47670,15.00407,15.54719,16.10627,16.68149,17.27306,17.88113,18.50584,19.14732,19.80566,20.48094,21.17319,21.88245,22.60869,23.35187,24.11191,24.88871,25.68211,26.49195,27.31799,28.15999,29.01764,29.89062,30.77855,31.68101,32.59756,33.52770,34.47091,35.42660,36.39418,37.37301,38.36240,39.36164,40.37000,41.38669,42.41092,43.44186,44.47866,45.52045,46.56636,47.61547,48.66688,49.71966,50.77290,51.82567,52.87704,53.92610,54.97193,56.01364,57.05034,58.08115,59.10524,60.12178,61.12996,62.12902,63.11821,64.09683,65.06418,66.01964,66.96260,67.89248,68.80876,69.71095,70.59859,71.47127,72.32862,73.17031,73.99604,74.80556,75.59864,76.37511,77.13483,77.87768,78.60359,79.31251,80.00444,80.67938,81.33740,81.97855,82.60293,83.21068,83.80193,84.37684,84.93560,85.47841,86.00549,86.51706,87.01337,87.49468,87.96125,88.41336,88.85129,89.27533,89.68577,90.08292,90.46708,90.83855,91.19764,91.54467,91.87993,92.20374,92.51640,92.81822,93.10950,93.39054,93.66164,93.92309,94.17518,94.41819,94.65240,94.87808,95.09551,95.30495,95.50666,95.70089,95.88788,96.06788,96.24113,96.40785,96.56827,96.72260,96.87106,97.01385,97.15117,97.28322,97.41018,97.53224
